season,week,player_id,player,team,position,opponent,projected_points,source,loaded_at
2025,5,19801,Josh Allen,BUF,QB,NE,22.8,fantasydata.weekly_projections,2026-04-10T02:02:53.932944+00:00
2025,5,18877,Christian McCaffrey,SF,RB,LAR,20.4,fantasydata.weekly_projections,2026-04-10T02:02:53.932944+00:00
2025,5,22492,Justin Fields,NYJ,QB,DAL,19.6,fantasydata.weekly_projections,2026-04-10T02:02:53.932944+00:00
2025,5,21681,Justin Herbert,LAC,QB,WAS,19.2,fantasydata.weekly_projections,2026-04-10T02:02:53.932944+00:00
2025,5,21831,Jalen Hurts,PHI,QB,DEN,19.2,fantasydata.weekly_projections,2026-04-10T02:02:53.932944+00:00
2025,5,18890,Patrick Mahomes,KC,QB,JAX,19.0,fantasydata.weekly_projections,2026-04-10T02:02:53.932944+00:00
2025,5,23235,Jayden Daniels,WAS,QB,LAC,19.0,fantasydata.weekly_projections,2026-04-10T02:02:53.932944+00:00
2025,5,20889,Kyler Murray,ARI,QB,TEN,18.9,fantasydata.weekly_projections,2026-04-10T02:02:53.932944+00:00
2025,5,24179,De'Von Achane,MIA,RB,CAR,18.9,fantasydata.weekly_projections,2026-04-10T02:02:53.932944+00:00
2025,5,20841,Daniel Jones,IND,QB,LV,18.0,fantasydata.weekly_projections,2026-04-10T02:02:53.932944+00:00
2025,5,21682,Jonathan Taylor,IND,RB,LV,17.9,fantasydata.weekly_projections,2026-04-10T02:02:53.932944+00:00
2025,5,23200,Jahmyr Gibbs,DET,RB,CIN,17.7,fantasydata.weekly_projections,2026-04-10T02:02:53.932944+00:00
2025,5,24172,Puka Nacua,LAR,WR,SF,17.5,fantasydata.weekly_projections,2026-04-10T02:02:53.932944+00:00
2025,5,25956,Omarion Hampton,LAC,RB,WAS,17.3,fantasydata.weekly_projections,2026-04-10T02:02:53.932944+00:00
2025,5,17922,Jared Goff,DET,QB,CIN,17.1,fantasydata.weekly_projections,2026-04-10T02:02:53.932944+00:00
2025,5,24958,Drake Maye,NE,QB,BUF,16.9,fantasydata.weekly_projections,2026-04-10T02:02:53.932944+00:00
2025,5,19790,Baker Mayfield,TB,QB,SEA,16.7,fantasydata.weekly_projections,2026-04-10T02:02:53.932944+00:00
2025,5,26082,Jaxson Dart,NYG,QB,NO,16.6,fantasydata.weekly_projections,2026-04-10T02:02:53.932944+00:00
2025,5,18055,Dak Prescott,DAL,QB,NYJ,16.4,fantasydata.weekly_projections,2026-04-10T02:02:53.932944+00:00
2025,5,23247,James Cook,BUF,RB,NE,16.0,fantasydata.weekly_projections,2026-04-10T02:02:53.932944+00:00
2025,5,17959,Derrick Henry,BAL,RB,HOU,15.9,fantasydata.weekly_projections,2026-04-10T02:02:53.932944+00:00
2025,5,25069,Bo Nix,DEN,QB,PHI,15.6,fantasydata.weekly_projections,2026-04-10T02:02:53.932944+00:00
2025,5,22587,Amon-Ra St. Brown,DET,WR,CIN,15.5,fantasydata.weekly_projections,2026-04-10T02:02:53.932944+00:00
2025,5,19766,Saquon Barkley,PHI,RB,DEN,15.3,fantasydata.weekly_projections,2026-04-10T02:02:53.932944+00:00
2025,5,25887,Cam Skattebo,NYG,RB,NO,15.3,fantasydata.weekly_projections,2026-04-10T02:02:53.932944+00:00
2025,5,21677,Tua Tagovailoa,MIA,QB,CAR,15.1,fantasydata.weekly_projections,2026-04-10T02:02:53.932944+00:00
2025,5,9038,Matthew Stafford,LAR,QB,SF,15.1,fantasydata.weekly_projections,2026-04-10T02:02:53.932944+00:00
2025,5,14895,Geno Smith,LV,QB,IND,14.9,fantasydata.weekly_projections,2026-04-10T02:02:53.932944+00:00
2025,5,23132,Bryce Young,CAR,QB,MIA,14.9,fantasydata.weekly_projections,2026-04-10T02:02:53.932944+00:00
2025,5,19812,Sam Darnold,SEA,QB,TB,14.9,fantasydata.weekly_projections,2026-04-10T02:02:53.932944+00:00
2025,5,22490,Trevor Lawrence,JAX,QB,KC,14.8,fantasydata.weekly_projections,2026-04-10T02:02:53.932944+00:00
2025,5,23239,C.J. Stroud,HOU,QB,BAL,14.8,fantasydata.weekly_projections,2026-04-10T02:02:53.932944+00:00
2025,5,23186,Spencer Rattler,NO,QB,NYG,14.4,fantasydata.weekly_projections,2026-04-10T02:02:53.932944+00:00
2025,5,25868,Ashton Jeanty,LV,RB,IND,14.2,fantasydata.weekly_projections,2026-04-10T02:02:53.932944+00:00
2025,5,22526,Breece Hall,NYJ,RB,DAL,14.2,fantasydata.weekly_projections,2026-04-10T02:02:53.932944+00:00
2025,5,25946,Quinshon Judkins,CLE,RB,MIN,14.0,fantasydata.weekly_projections,2026-04-10T02:02:53.932944+00:00
2025,5,22558,Javonte Williams,DAL,RB,NYJ,14.0,fantasydata.weekly_projections,2026-04-10T02:02:53.932944+00:00
2025,5,21046,Jake Browning,CIN,QB,DET,13.9,fantasydata.weekly_projections,2026-04-10T02:02:53.932944+00:00
2025,5,23153,George Pickens,DAL,WR,NYJ,13.8,fantasydata.weekly_projections,2026-04-10T02:02:53.932944+00:00
2025,5,17920,Carson Wentz,MIN,QB,CLE,13.7,fantasydata.weekly_projections,2026-04-10T02:02:53.932944+00:00
2025,5,23364,Jordan Mason,MIN,RB,CLE,13.6,fantasydata.weekly_projections,2026-04-10T02:02:53.932944+00:00
2025,5,23157,Jaxon Smith-Njigba,SEA,WR,TB,13.4,fantasydata.weekly_projections,2026-04-10T02:02:53.932944+00:00
2025,5,22496,Mac Jones,SF,QB,LAR,13.2,fantasydata.weekly_projections,2026-04-10T02:02:53.932944+00:00
2025,5,24374,Chase Brown,CIN,RB,DET,13.2,fantasydata.weekly_projections,2026-04-10T02:02:53.932944+00:00
2025,5,18878,Alvin Kamara,NO,RB,NYG,13.1,fantasydata.weekly_projections,2026-04-10T02:02:53.932944+00:00
2025,5,23122,Garrett Wilson,NYJ,WR,DAL,13.1,fantasydata.weekly_projections,2026-04-10T02:02:53.932944+00:00
2025,5,23212,Kyren Williams,LAR,RB,SF,13.1,fantasydata.weekly_projections,2026-04-10T02:02:53.932944+00:00
2025,5,23217,Rachaad White,TB,RB,SEA,13.0,fantasydata.weekly_projections,2026-04-10T02:02:53.932944+00:00
2025,5,22564,Ja'Marr Chase,CIN,WR,DET,13.0,fantasydata.weekly_projections,2026-04-10T02:02:53.932944+00:00
2025,5,21756,Nico Collins,HOU,WR,BAL,13.0,fantasydata.weekly_projections,2026-04-10T02:02:53.932944+00:00
2025,5,23177,Dillon Gabriel,CLE,QB,MIN,12.9,fantasydata.weekly_projections,2026-04-10T02:02:53.932944+00:00
2025,5,21685,Justin Jefferson,MIN,WR,CLE,12.6,fantasydata.weekly_projections,2026-04-10T02:02:53.932944+00:00
2025,5,16470,Davante Adams,LAR,WR,SF,12.4,fantasydata.weekly_projections,2026-04-10T02:02:53.932944+00:00
2025,5,24226,Quentin Johnston,LAC,WR,WAS,12.4,fantasydata.weekly_projections,2026-04-10T02:02:53.932944+00:00
2025,5,21696,Travis Etienne Jr.,JAX,RB,KC,12.3,fantasydata.weekly_projections,2026-04-10T02:02:53.932944+00:00
2025,5,20876,Jakobi Meyers,LV,WR,IND,12.1,fantasydata.weekly_projections,2026-04-10T02:02:53.932944+00:00
2025,5,21952,Rico Dowdle,CAR,RB,MIA,11.9,fantasydata.weekly_projections,2026-04-10T02:02:53.932944+00:00
2025,5,26092,Emeka Egbuka,TB,WR,SEA,11.8,fantasydata.weekly_projections,2026-04-10T02:02:53.932944+00:00
2025,5,25323,Cam Ward,TEN,QB,ARI,11.7,fantasydata.weekly_projections,2026-04-10T02:02:53.932944+00:00
2025,5,23251,Trey McBride,ARI,TE,TEN,11.6,fantasydata.weekly_projections,2026-04-10T02:02:53.932944+00:00
2025,5,21744,Michael Pittman Jr.,IND,WR,LV,11.5,fantasydata.weekly_projections,2026-04-10T02:02:53.932944+00:00
2025,5,22598,Jaylen Waddle,MIA,WR,CAR,11.5,fantasydata.weekly_projections,2026-04-10T02:02:53.932944+00:00
2025,5,26054,Tetairoa McMillan,CAR,WR,MIA,11.5,fantasydata.weekly_projections,2026-04-10T02:02:53.932944+00:00
2025,5,20932,Deebo Samuel Sr.,WAS,WR,LAC,11.5,fantasydata.weekly_projections,2026-04-10T02:02:53.932944+00:00
2025,5,15076,Keenan Allen,LAC,WR,WAS,11.4,fantasydata.weekly_projections,2026-04-10T02:02:53.932944+00:00
2025,5,21674,J.K. Dobbins,DEN,RB,PHI,11.2,fantasydata.weekly_projections,2026-04-10T02:02:53.932944+00:00
2025,5,20882,David Montgomery,DET,RB,CIN,11.2,fantasydata.weekly_projections,2026-04-10T02:02:53.932944+00:00
2025,5,19461,Cooper Rush,BAL,QB,HOU,11.0,fantasydata.weekly_projections,2026-04-10T02:02:53.932944+00:00
2025,5,23214,Kenneth Walker III,SEA,RB,TB,11.0,fantasydata.weekly_projections,2026-04-10T02:02:53.932944+00:00
2025,5,25097,Ladd McConkey,LAC,WR,WAS,10.8,fantasydata.weekly_projections,2026-04-10T02:02:53.932944+00:00
2025,5,21042,A.J. Brown,PHI,WR,DEN,10.7,fantasydata.weekly_projections,2026-04-10T02:02:53.932944+00:00
2025,5,24974,Marvin Harrison Jr.,ARI,WR,TEN,10.7,fantasydata.weekly_projections,2026-04-10T02:02:53.932944+00:00
2025,5,24924,Xavier Worthy,KC,WR,JAX,10.6,fantasydata.weekly_projections,2026-04-10T02:02:53.932944+00:00
2025,5,24933,Brian Thomas Jr.,JAX,WR,KC,10.5,fantasydata.weekly_projections,2026-04-10T02:02:53.932944+00:00
2025,5,25942,Woody Marks,HOU,RB,BAL,10.4,fantasydata.weekly_projections,2026-04-10T02:02:53.932944+00:00
2025,5,23234,Jameson Williams,DET,WR,CIN,10.3,fantasydata.weekly_projections,2026-04-10T02:02:53.932944+00:00
2025,5,20912,Tony Pollard,TEN,RB,ARI,10.2,fantasydata.weekly_projections,2026-04-10T02:02:53.932944+00:00
2025,5,19800,Courtland Sutton,DEN,WR,PHI,10.1,fantasydata.weekly_projections,2026-04-10T02:02:53.932944+00:00
2025,5,23120,Zay Flowers,BAL,WR,HOU,10.0,fantasydata.weekly_projections,2026-04-10T02:02:53.932944+00:00
2025,5,25874,Tyler Warren,IND,TE,LV,9.9,fantasydata.weekly_projections,2026-04-10T02:02:53.932944+00:00
2025,5,21687,DeVonta Smith,PHI,WR,DEN,9.7,fantasydata.weekly_projections,2026-04-10T02:02:53.932944+00:00
2025,5,21690,Tee Higgins,CIN,WR,DET,9.6,fantasydata.weekly_projections,2026-04-10T02:02:53.932944+00:00
2025,5,18880,Chris Godwin Jr.,TB,WR,SEA,9.5,fantasydata.weekly_projections,2026-04-10T02:02:53.932944+00:00
2025,5,23138,Jake Ferguson,DAL,TE,NYJ,9.5,fantasydata.weekly_projections,2026-04-10T02:02:53.932944+00:00
2025,5,24609,Emari Demercado,ARI,RB,TEN,9.3,fantasydata.weekly_projections,2026-04-10T02:02:53.932944+00:00
2025,5,22565,Chris Olave,NO,WR,NYG,9.3,fantasydata.weekly_projections,2026-04-10T02:02:53.932944+00:00
2025,5,23141,Sam LaPorta,DET,TE,CIN,9.3,fantasydata.weekly_projections,2026-04-10T02:02:53.932944+00:00
2025,5,23170,Wan'Dale Robinson,NYG,WR,NO,9.3,fantasydata.weekly_projections,2026-04-10T02:02:53.932944+00:00
2025,5,26259,Jacory Croskey-Merritt,WAS,RB,LAC,9.1,fantasydata.weekly_projections,2026-04-10T02:02:53.932944+00:00
2025,5,23227,Khalil Shakir,BUF,WR,NE,8.9,fantasydata.weekly_projections,2026-04-10T02:02:53.932944+00:00
2025,5,16906,Stefon Diggs,NE,WR,BUF,8.9,fantasydata.weekly_projections,2026-04-10T02:02:53.932944+00:00
2025,5,21692,Jerry Jeudy,CLE,WR,MIN,8.8,fantasydata.weekly_projections,2026-04-10T02:02:53.932944+00:00
2025,5,17975,Hunter Henry,NE,TE,BUF,8.7,fantasydata.weekly_projections,2026-04-10T02:02:53.932944+00:00
2025,5,23162,Jordan Addison,MIN,WR,CLE,8.7,fantasydata.weekly_projections,2026-04-10T02:02:53.932944+00:00
2025,5,19802,Calvin Ridley,TEN,WR,ARI,8.6,fantasydata.weekly_projections,2026-04-10T02:02:53.932944+00:00
2025,5,24177,Tre Tucker,LV,WR,IND,8.6,fantasydata.weekly_projections,2026-04-10T02:02:53.932944+00:00
2025,5,15048,Travis Kelce,KC,TE,JAX,8.6,fantasydata.weekly_projections,2026-04-10T02:02:53.932944+00:00
2025,5,22546,Rhamondre Stevenson,NE,RB,BUF,8.5,fantasydata.weekly_projections,2026-04-10T02:02:53.932944+00:00
2025,5,23173,Zach Charbonnet,SEA,RB,TB,8.5,fantasydata.weekly_projections,2026-04-10T02:02:53.932944+00:00
2025,5,24964,Keon Coleman,BUF,WR,NE,8.4,fantasydata.weekly_projections,2026-04-10T02:02:53.932944+00:00
2025,5,23245,TreVeyon Henderson,NE,RB,BUF,8.4,fantasydata.weekly_projections,2026-04-10T02:02:53.932944+00:00
2025,5,18882,Cooper Kupp,SEA,WR,TB,8.3,fantasydata.weekly_projections,2026-04-10T02:02:53.932944+00:00
2025,5,22553,Michael Carter,ARI,RB,TEN,8.3,fantasydata.weekly_projections,2026-04-10T02:02:53.932944+00:00
2025,5,25944,RJ Harvey,DEN,RB,PHI,8.3,fantasydata.weekly_projections,2026-04-10T02:02:53.932944+00:00
2025,5,23729,Rashid Shaheed,NO,WR,NYG,8.3,fantasydata.weekly_projections,2026-04-10T02:02:53.932944+00:00
2025,5,21738,Juwan Johnson,NO,TE,NYG,8.1,fantasydata.weekly_projections,2026-04-10T02:02:53.932944+00:00
2025,5,23371,Isiah Pacheco,KC,RB,JAX,7.7,fantasydata.weekly_projections,2026-04-10T02:02:53.932944+00:00
2025,5,24102,Dalton Kincaid,BUF,TE,NE,7.6,fantasydata.weekly_projections,2026-04-10T02:02:53.932944+00:00
2025,5,19798,Nick Chubb,HOU,RB,BAL,7.5,fantasydata.weekly_projections,2026-04-10T02:02:53.932944+00:00
2025,5,18944,Kareem Hunt,KC,RB,JAX,7.4,fantasydata.weekly_projections,2026-04-10T02:02:53.932944+00:00
2025,5,19863,Dallas Goedert,PHI,TE,DEN,7.4,fantasydata.weekly_projections,2026-04-10T02:02:53.932944+00:00
2025,5,24973,Troy Franklin,DEN,WR,PHI,7.4,fantasydata.weekly_projections,2026-04-10T02:02:53.932944+00:00
2025,5,19318,Kendrick Bourne,SF,WR,LAR,7.4,fantasydata.weekly_projections,2026-04-10T02:02:53.932944+00:00
2025,5,14856,Zach Ertz,WAS,TE,LAC,7.3,fantasydata.weekly_projections,2026-04-10T02:02:53.932944+00:00
2025,5,20943,Darius Slayton,NYG,WR,NO,7.3,fantasydata.weekly_projections,2026-04-10T02:02:53.932944+00:00
2025,5,25103,Malik Washington,MIA,WR,CAR,7.2,fantasydata.weekly_projections,2026-04-10T02:02:53.932944+00:00
2025,5,25964,Elic Ayomanor,TEN,WR,ARI,7.2,fantasydata.weekly_projections,2026-04-10T02:02:53.932944+00:00
2025,5,16964,Darren Waller,MIA,TE,CAR,7.2,fantasydata.weekly_projections,2026-04-10T02:02:53.932944+00:00
2025,5,24145,Josh Downs,IND,WR,LV,7.1,fantasydata.weekly_projections,2026-04-10T02:02:53.932944+00:00
2025,5,24223,Brenton Strange,JAX,TE,KC,7.1,fantasydata.weekly_projections,2026-04-10T02:02:53.932944+00:00
2025,5,23237,Chris Rodriguez Jr.,WAS,RB,LAC,7.0,fantasydata.weekly_projections,2026-04-10T02:02:53.932944+00:00
2025,5,21045,Marquise Brown,KC,WR,JAX,7.0,fantasydata.weekly_projections,2026-04-10T02:02:53.932944+00:00
2025,5,18047,Demarcus Robinson,SF,WR,LAR,6.9,fantasydata.weekly_projections,2026-04-10T02:02:53.932944+00:00
2025,5,20805,T.J. Hockenson,MIN,TE,CLE,6.7,fantasydata.weekly_projections,2026-04-10T02:02:53.932944+00:00
2025,5,24987,Luke McCaffrey,WAS,WR,LAC,6.6,fantasydata.weekly_projections,2026-04-10T02:02:53.932944+00:00
2025,5,25870,Harold Fannin Jr.,CLE,TE,MIN,6.5,fantasydata.weekly_projections,2026-04-10T02:02:53.932944+00:00
2025,5,18876,David Njoku,CLE,TE,MIN,6.4,fantasydata.weekly_projections,2026-04-10T02:02:53.932944+00:00
2025,5,19815,Christian Kirk,HOU,WR,BAL,6.4,fantasydata.weekly_projections,2026-04-10T02:02:53.932944+00:00
2025,5,19803,Mark Andrews,BAL,TE,HOU,6.3,fantasydata.weekly_projections,2026-04-10T02:02:53.932944+00:00
2025,5,19920,Dalton Schultz,HOU,TE,BAL,6.3,fantasydata.weekly_projections,2026-04-10T02:02:53.932944+00:00
2025,5,22597,Jalen Tolbert,DAL,WR,NYJ,6.3,fantasydata.weekly_projections,2026-04-10T02:02:53.932944+00:00
2025,5,19065,Jeremy McNichols,WAS,RB,LAC,6.2,fantasydata.weekly_projections,2026-04-10T02:02:53.932944+00:00
2025,5,26056,Travis Hunter,JAX,WR,KC,6.2,fantasydata.weekly_projections,2026-04-10T02:02:53.932944+00:00
2025,5,22613,Joshua Palmer,BUF,WR,NE,6.1,fantasydata.weekly_projections,2026-04-10T02:02:53.932944+00:00
2025,5,24989,Tory Horton,SEA,WR,TB,6.1,fantasydata.weekly_projections,2026-04-10T02:02:53.932944+00:00
2025,5,24194,Sean Tucker,TB,RB,SEA,6.0,fantasydata.weekly_projections,2026-04-10T02:02:53.932944+00:00
2025,5,23121,Kayshon Boutte,NE,WR,BUF,6.0,fantasydata.weekly_projections,2026-04-10T02:02:53.932944+00:00
2025,5,24123,Tyjae Spears,TEN,RB,ARI,5.9,fantasydata.weekly_projections,2026-04-10T02:02:53.932944+00:00
2025,5,25064,Isaiah Davis,NYJ,RB,DAL,5.8,fantasydata.weekly_projections,2026-04-10T02:02:53.932944+00:00
2025,5,25963,Mason Taylor,NYJ,TE,DAL,5.8,fantasydata.weekly_projections,2026-04-10T02:02:53.932944+00:00
2025,5,26034,Isaiah Bond,CLE,WR,MIN,5.8,fantasydata.weekly_projections,2026-04-10T02:02:53.932944+00:00
2025,5,25898,Bhayshul Tuten,JAX,RB,KC,5.7,fantasydata.weekly_projections,2026-04-10T02:02:53.932944+00:00
2025,5,26102,Dont'e Thornton Jr.,LV,WR,IND,5.7,fantasydata.weekly_projections,2026-04-10T02:02:53.932944+00:00
2025,5,24173,Michael Wilson,ARI,WR,TEN,5.7,fantasydata.weekly_projections,2026-04-10T02:02:53.932944+00:00
2025,5,23662,Jake Tonges,SF,TE,LAR,5.6,fantasydata.weekly_projections,2026-04-10T02:02:53.932944+00:00
2025,5,25953,Ollie Gordon II,MIA,RB,CAR,5.6,fantasydata.weekly_projections,2026-04-10T02:02:53.932944+00:00
2025,5,20802,Justice Hill,BAL,RB,HOU,5.6,fantasydata.weekly_projections,2026-04-10T02:02:53.932944+00:00
2025,5,23489,Chig Okonkwo,TEN,TE,ARI,5.5,fantasydata.weekly_projections,2026-04-10T02:02:53.932944+00:00
2025,5,23142,Theo Johnson,NYG,TE,NO,5.5,fantasydata.weekly_projections,2026-04-10T02:02:53.932944+00:00
2025,5,23165,Marvin Mims Jr.,DEN,WR,PHI,5.5,fantasydata.weekly_projections,2026-04-10T02:02:53.932944+00:00
2025,5,20924,Hunter Renfrow,CAR,WR,MIA,5.3,fantasydata.weekly_projections,2026-04-10T02:02:53.932944+00:00
2025,5,18883,JuJu Smith-Schuster,KC,WR,JAX,5.3,fantasydata.weekly_projections,2026-04-10T02:02:53.932944+00:00
2025,5,22623,Rashod Bateman,BAL,WR,HOU,5.3,fantasydata.weekly_projections,2026-04-10T02:02:53.932944+00:00
2025,5,17961,Sterling Shepard,TB,WR,SEA,5.3,fantasydata.weekly_projections,2026-04-10T02:02:53.932944+00:00
2025,5,25948,Trevor Etienne,CAR,RB,MIA,5.2,fantasydata.weekly_projections,2026-04-10T02:02:53.932944+00:00
2025,5,22662,Tommy Tremble,CAR,TE,MIA,5.1,fantasydata.weekly_projections,2026-04-10T02:02:53.932944+00:00
2025,5,18912,Evan Engram,DEN,TE,PHI,5.1,fantasydata.weekly_projections,2026-04-10T02:02:53.932944+00:00
2025,5,25003,Xavier Legette,CAR,WR,MIA,5.0,fantasydata.weekly_projections,2026-04-10T02:02:53.932944+00:00
2025,5,24980,Ray Davis,BUF,RB,NE,5.0,fantasydata.weekly_projections,2026-04-10T02:02:53.932944+00:00
2025,5,24116,Blake Corum,LAR,RB,SF,4.8,fantasydata.weekly_projections,2026-04-10T02:02:53.932944+00:00
2025,5,22686,Dyami Brown,JAX,WR,KC,4.7,fantasydata.weekly_projections,2026-04-10T02:02:53.932944+00:00
2025,5,23134,Cade Otton,TB,TE,SEA,4.6,fantasydata.weekly_projections,2026-04-10T02:02:53.932944+00:00
2025,5,24595,Zavier Scott,MIN,RB,CLE,4.4,fantasydata.weekly_projections,2026-04-10T02:02:53.932944+00:00
2025,5,23469,Tyquan Thornton,KC,WR,JAX,4.3,fantasydata.weekly_projections,2026-04-10T02:02:53.932944+00:00
2025,5,24238,Kendre Miller,NO,RB,NYG,4.3,fantasydata.weekly_projections,2026-04-10T02:02:53.932944+00:00
2025,5,24954,Adonai Mitchell,IND,WR,LV,4.3,fantasydata.weekly_projections,2026-04-10T02:02:53.932944+00:00
2025,5,25106,AJ Barner,SEA,TE,TB,4.2,fantasydata.weekly_projections,2026-04-10T02:02:53.932944+00:00
2025,5,23205,Jerome Ford,CLE,RB,MIN,4.2,fantasydata.weekly_projections,2026-04-10T02:02:53.932944+00:00
2025,5,23256,Isaiah Likely,BAL,TE,HOU,4.2,fantasydata.weekly_projections,2026-04-10T02:02:53.932944+00:00
2025,5,16568,Brandin Cooks,NO,WR,NYG,4.2,fantasydata.weekly_projections,2026-04-10T02:02:53.932944+00:00
2025,5,21734,Nick Westbrook-Ikhine,MIA,WR,CAR,4.1,fantasydata.weekly_projections,2026-04-10T02:02:53.932944+00:00
2025,5,26094,Jayden Higgins,HOU,WR,BAL,4.1,fantasydata.weekly_projections,2026-04-10T02:02:53.932944+00:00
2025,5,19017,Josh Reynolds,NYJ,WR,DAL,4.1,fantasydata.weekly_projections,2026-04-10T02:02:53.932944+00:00
2025,5,20941,Devin Singletary,NYG,RB,NO,4.0,fantasydata.weekly_projections,2026-04-10T02:02:53.932944+00:00
2025,5,20753,Noah Fant,CIN,TE,DET,4.0,fantasydata.weekly_projections,2026-04-10T02:02:53.932944+00:00
2025,5,25976,Jaylin Lane,WAS,WR,LAC,4.0,fantasydata.weekly_projections,2026-04-10T02:02:53.932944+00:00
2025,5,25894,Jack Bech,LV,WR,IND,3.9,fantasydata.weekly_projections,2026-04-10T02:02:53.932944+00:00
2025,5,23190,Brian Robinson Jr.,SF,RB,LAR,3.9,fantasydata.weekly_projections,2026-04-10T02:02:53.932944+00:00
2025,5,24180,DeMario Douglas,NE,WR,BUF,3.9,fantasydata.weekly_projections,2026-04-10T02:02:53.932944+00:00
2025,5,20837,Ty Johnson,BUF,RB,NE,3.9,fantasydata.weekly_projections,2026-04-10T02:02:53.932944+00:00
2025,5,17217,Raheem Mostert,LV,RB,IND,3.8,fantasydata.weekly_projections,2026-04-10T02:02:53.932944+00:00
2025,5,23368,Jalen Nailor,MIN,WR,CLE,3.7,fantasydata.weekly_projections,2026-04-10T02:02:53.932944+00:00
2025,5,19853,Mike Gesicki,CIN,TE,DET,3.6,fantasydata.weekly_projections,2026-04-10T02:02:53.932944+00:00
2025,5,25876,Oronde Gadsden,LAC,TE,WAS,3.6,fantasydata.weekly_projections,2026-04-10T02:02:53.932944+00:00
2025,5,21861,Antonio Gibson,NE,RB,BUF,3.5,fantasydata.weekly_projections,2026-04-10T02:02:53.932944+00:00
2025,5,24143,Parker Washington,JAX,WR,KC,3.5,fantasydata.weekly_projections,2026-04-10T02:02:53.932944+00:00
2025,5,15534,Adam Thielen,MIN,WR,CLE,3.4,fantasydata.weekly_projections,2026-04-10T02:02:53.932944+00:00
2025,5,16830,Tyler Lockett,TEN,WR,ARI,3.4,fantasydata.weekly_projections,2026-04-10T02:02:53.932944+00:00
2025,5,24119,Andrei Iosivas,CIN,WR,DET,3.3,fantasydata.weekly_projections,2026-04-10T02:02:53.932944+00:00
2025,5,21675,Tyler Johnson,NYJ,WR,DAL,3.3,fantasydata.weekly_projections,2026-04-10T02:02:53.932944+00:00
2025,5,24347,Xavier Hutchinson,HOU,WR,BAL,3.3,fantasydata.weekly_projections,2026-04-10T02:02:53.932944+00:00
2025,5,19976,Marquez Valdes-Scantling,SF,WR,LAR,3.3,fantasydata.weekly_projections,2026-04-10T02:02:53.932944+00:00
2025,5,20884,Foster Moreau,NO,TE,NYG,3.2,fantasydata.weekly_projections,2026-04-10T02:02:53.932944+00:00
2025,5,18030,Chris Moore,WAS,WR,LAC,3.2,fantasydata.weekly_projections,2026-04-10T02:02:53.932944+00:00
2025,5,20145,Allen Lazard,NYJ,WR,DAL,3.2,fantasydata.weekly_projections,2026-04-10T02:02:53.932944+00:00
2025,5,24125,Jalin Hyatt,NYG,WR,NO,3.2,fantasydata.weekly_projections,2026-04-10T02:02:53.932944+00:00
2025,5,24984,Jamari Thrash,CLE,WR,MIN,3.2,fantasydata.weekly_projections,2026-04-10T02:02:53.932944+00:00
2025,5,25925,Tre' Harris,LAC,WR,WAS,3.1,fantasydata.weekly_projections,2026-04-10T02:02:53.932944+00:00
2025,5,25201,Jordan Whittington,LAR,WR,SF,3.1,fantasydata.weekly_projections,2026-04-10T02:02:53.932944+00:00
2025,5,23273,Hassan Haskins,LAC,RB,WAS,3.1,fantasydata.weekly_projections,2026-04-10T02:02:53.932944+00:00
2025,5,19910,Ian Thomas,LV,TE,IND,3.1,fantasydata.weekly_projections,2026-04-10T02:02:53.932944+00:00
2025,5,26032,Elijah Arroyo,SEA,TE,TB,3.1,fantasydata.weekly_projections,2026-04-10T02:02:53.932944+00:00
2025,5,24296,Brycen Tremayne,CAR,WR,MIA,3.1,fantasydata.weekly_projections,2026-04-10T02:02:53.932944+00:00
2025,5,23168,Skyy Moore,SF,WR,LAR,3.0,fantasydata.weekly_projections,2026-04-10T02:02:53.932944+00:00
2025,5,19023,Mack Hollins,NE,WR,BUF,3.0,fantasydata.weekly_projections,2026-04-10T02:02:53.932944+00:00
2025,5,24148,Davis Allen,LAR,TE,SF,3.0,fantasydata.weekly_projections,2026-04-10T02:02:53.932944+00:00
2025,5,17963,Austin Hooper,NE,TE,BUF,2.9,fantasydata.weekly_projections,2026-04-10T02:02:53.932944+00:00
2025,5,21071,Greg Dortch,ARI,WR,TEN,2.9,fantasydata.weekly_projections,2026-04-10T02:02:53.932944+00:00
2025,5,25912,Kyle Williams,NE,WR,BUF,2.8,fantasydata.weekly_projections,2026-04-10T02:02:53.932944+00:00
2025,5,25914,Jaylin Noel,HOU,WR,BAL,2.8,fantasydata.weekly_projections,2026-04-10T02:02:53.932944+00:00
2025,5,25962,Gunnar Helm,TEN,TE,ARI,2.8,fantasydata.weekly_projections,2026-04-10T02:02:53.932944+00:00
2025,5,18422,Kalif Raymond,DET,WR,CIN,2.8,fantasydata.weekly_projections,2026-04-10T02:02:53.932944+00:00
2025,5,19238,Taysom Hill,NO,QB,NYG,2.7,fantasydata.weekly_projections,2026-04-10T02:02:53.932944+00:00
2025,5,14986,DeAndre Hopkins,BAL,WR,HOU,2.7,fantasydata.weekly_projections,2026-04-10T02:02:53.932944+00:00
2025,5,21785,Noah Gray,KC,TE,JAX,2.7,fantasydata.weekly_projections,2026-04-10T02:02:53.932944+00:00
2025,5,23155,Jahan Dotson,PHI,WR,DEN,2.7,fantasydata.weekly_projections,2026-04-10T02:02:53.932944+00:00
2025,5,22602,Tutu Atwell,LAR,WR,SF,2.7,fantasydata.weekly_projections,2026-04-10T02:02:53.932944+00:00
2025,5,26101,Isaac TeSlaa,DET,WR,CIN,2.7,fantasydata.weekly_projections,2026-04-10T02:02:53.932944+00:00
2025,5,26038,Jaydon Blue,DAL,RB,NYJ,2.7,fantasydata.weekly_projections,2026-04-10T02:02:53.932944+00:00
2025,5,14901,Kyle Juszczyk,SF,RB,LAR,2.6,fantasydata.weekly_projections,2026-04-10T02:02:53.932944+00:00
2025,5,21807,Colby Parkinson,LAR,TE,SF,2.6,fantasydata.weekly_projections,2026-04-10T02:02:53.932944+00:00
2025,5,25987,Chimere Dike,TEN,WR,ARI,2.5,fantasydata.weekly_projections,2026-04-10T02:02:53.932944+00:00
2025,5,25934,Tez Johnson,TB,WR,SEA,2.5,fantasydata.weekly_projections,2026-04-10T02:02:53.932944+00:00
2025,5,21795,Luke Farrell,SF,TE,LAR,2.5,fantasydata.weekly_projections,2026-04-10T02:02:53.932944+00:00
2025,5,18993,Samaje Perine,CIN,RB,DET,2.4,fantasydata.weekly_projections,2026-04-10T02:02:53.932944+00:00
2025,5,20850,Dawson Knox,BUF,TE,NE,2.4,fantasydata.weekly_projections,2026-04-10T02:02:53.932944+00:00
2025,5,25899,Brashard Smith,KC,RB,JAX,2.4,fantasydata.weekly_projections,2026-04-10T02:02:53.932944+00:00
2025,5,19988,Tyler Conklin,LAC,TE,WAS,2.3,fantasydata.weekly_projections,2026-04-10T02:02:53.932944+00:00
2025,5,18926,Zay Jones,ARI,WR,TEN,2.3,fantasydata.weekly_projections,2026-04-10T02:02:53.932944+00:00
2025,5,25889,Dylan Sampson,CLE,RB,MIN,2.2,fantasydata.weekly_projections,2026-04-10T02:02:53.932944+00:00
2025,5,25124,Ryan Flournoy,DAL,WR,NYJ,2.2,fantasydata.weekly_projections,2026-04-10T02:02:53.932944+00:00
2025,5,25911,Jalen Royals,KC,WR,JAX,2.2,fantasydata.weekly_projections,2026-04-10T02:02:53.932944+00:00
2025,5,21794,Albert Okwuegbunam,LV,TE,IND,2.1,fantasydata.weekly_projections,2026-04-10T02:02:53.932944+00:00
2025,5,24288,Luke Schoonmaker,DAL,TE,NYJ,2.1,fantasydata.weekly_projections,2026-04-10T02:02:53.932944+00:00
2025,5,22521,Jeremy Ruckert,NYJ,TE,DAL,2.1,fantasydata.weekly_projections,2026-04-10T02:02:53.932944+00:00
2025,5,21786,Adam Trautman,DEN,TE,PHI,2.0,fantasydata.weekly_projections,2026-04-10T02:02:53.932944+00:00
2025,5,25102,Will Shipley,PHI,RB,DEN,2.0,fantasydata.weekly_projections,2026-04-10T02:02:53.932944+00:00
2025,5,26057,Arian Smith,NYJ,WR,DAL,2.0,fantasydata.weekly_projections,2026-04-10T02:02:53.932944+00:00
2025,5,22604,Tylan Wallace,BAL,WR,HOU,2.0,fantasydata.weekly_projections,2026-04-10T02:02:53.932944+00:00
2025,5,24463,Julian Hill,MIA,TE,CAR,2.0,fantasydata.weekly_projections,2026-04-10T02:02:53.932944+00:00
2025,5,25900,DJ Giddens,IND,RB,LV,1.9,fantasydata.weekly_projections,2026-04-10T02:02:53.932944+00:00
2025,5,20899,Josh Oliver,MIN,TE,CLE,1.9,fantasydata.weekly_projections,2026-04-10T02:02:53.932944+00:00
2025,5,24978,Devontez Walker,BAL,WR,HOU,1.9,fantasydata.weekly_projections,2026-04-10T02:02:53.932944+00:00
2025,5,19165,Johnny Mundt,JAX,TE,KC,1.9,fantasydata.weekly_projections,2026-04-10T02:02:53.932944+00:00
2025,5,24449,Elijah Higgins,ARI,TE,TEN,1.9,fantasydata.weekly_projections,2026-04-10T02:02:53.932944+00:00
2025,5,18928,Curtis Samuel,BUF,WR,NE,1.8,fantasydata.weekly_projections,2026-04-10T02:02:53.932944+00:00
2025,5,25199,Tahj Washington,MIA,WR,CAR,1.8,fantasydata.weekly_projections,2026-04-10T02:02:53.932944+00:00
2025,5,25198,Devaughn Vele,NO,WR,NYG,1.8,fantasydata.weekly_projections,2026-04-10T02:02:53.932944+00:00
2025,5,23010,Brock Wright,DET,TE,CIN,1.8,fantasydata.weekly_projections,2026-04-10T02:02:53.932944+00:00
2025,5,25306,Dominic Lovett,DET,WR,CIN,1.8,fantasydata.weekly_projections,2026-04-10T02:02:53.932944+00:00
2025,5,23485,Daniel Bellinger,NYG,TE,NO,1.7,fantasydata.weekly_projections,2026-04-10T02:02:53.932944+00:00
2025,5,23608,Drew Ogletree,IND,TE,LV,1.7,fantasydata.weekly_projections,2026-04-10T02:02:53.932944+00:00
2025,5,20931,Drew Sample,CIN,TE,DET,1.7,fantasydata.weekly_projections,2026-04-10T02:02:53.932944+00:00
2025,5,23486,Grant Calcaterra,PHI,TE,DEN,1.7,fantasydata.weekly_projections,2026-04-10T02:02:53.932944+00:00
2025,5,21227,Andrew Beck,NYJ,RB,DAL,1.5,fantasydata.weekly_projections,2026-04-10T02:02:53.932944+00:00
2025,5,14536,Russell Wilson,NYG,QB,NO,1.5,fantasydata.weekly_projections,2026-04-10T02:02:53.932944+00:00
2025,5,22509,Hunter Long,JAX,TE,KC,1.5,fantasydata.weekly_projections,2026-04-10T02:02:53.932944+00:00
2025,5,22657,John Bates,WAS,TE,LAC,1.5,fantasydata.weekly_projections,2026-04-10T02:02:53.932944+00:00
2025,5,22661,Jack Stoll,NO,TE,NYG,1.5,fantasydata.weekly_projections,2026-04-10T02:02:53.932944+00:00
2025,5,20819,Alec Ingold,MIA,RB,CAR,1.4,fantasydata.weekly_projections,2026-04-10T02:02:53.932944+00:00
2025,5,12831,Tyrod Taylor,NYJ,QB,DAL,1.4,fantasydata.weekly_projections,2026-04-10T02:02:53.932944+00:00
2025,5,23231,Tyler Badie,DEN,RB,PHI,1.4,fantasydata.weekly_projections,2026-04-10T02:02:53.932944+00:00
2025,5,24342,Mitchell Tinsley,CIN,WR,DET,1.4,fantasydata.weekly_projections,2026-04-10T02:02:53.932944+00:00
2025,5,26091,Beaux Collins,NYG,WR,NO,1.3,fantasydata.weekly_projections,2026-04-10T02:02:53.932944+00:00
2025,5,24471,Ryan Miller,TB,WR,SEA,1.3,fantasydata.weekly_projections,2026-04-10T02:02:53.932944+00:00
2025,5,24444,Travis Vokolek,ARI,TE,TEN,1.3,fantasydata.weekly_projections,2026-04-10T02:02:53.932944+00:00
2025,5,24339,Jake Bobo,SEA,WR,TB,1.2,fantasydata.weekly_projections,2026-04-10T02:02:53.932944+00:00
2025,5,24686,Nate Adkins,DEN,TE,PHI,1.2,fantasydata.weekly_projections,2026-04-10T02:02:53.932944+00:00
2025,5,24214,Keaton Mitchell,BAL,RB,HOU,1.1,fantasydata.weekly_projections,2026-04-10T02:02:53.932944+00:00
2025,5,25134,Brevyn Spann-Ford,DAL,TE,NYJ,1.1,fantasydata.weekly_projections,2026-04-10T02:02:53.932944+00:00
2025,5,24354,Blake Whiteheart,CLE,TE,MIN,1.1,fantasydata.weekly_projections,2026-04-10T02:02:53.932944+00:00
2025,5,21349,Ashton Dulin,IND,WR,LV,1.1,fantasydata.weekly_projections,2026-04-10T02:02:53.932944+00:00
2025,5,25063,Isaac Guerendo,SF,RB,LAR,1.1,fantasydata.weekly_projections,2026-04-10T02:02:53.932944+00:00
2025,5,25141,Tip Reiman,ARI,TE,TEN,1.1,fantasydata.weekly_projections,2026-04-10T02:02:53.932944+00:00
2025,5,25875,Mitchell Evans,CAR,TE,MIA,1.1,fantasydata.weekly_projections,2026-04-10T02:02:53.932944+00:00
2025,5,25882,Jalen Milroe,SEA,QB,TB,1.0,fantasydata.weekly_projections,2026-04-10T02:02:53.932944+00:00
2025,5,25986,LeQuint Allen Jr.,JAX,RB,KC,1.0,fantasydata.weekly_projections,2026-04-10T02:02:53.932944+00:00
2025,5,25975,Pat Bryant,DEN,WR,PHI,1.0,fantasydata.weekly_projections,2026-04-10T02:02:53.932944+00:00
2025,5,23737,Tanner Conner,MIA,TE,CAR,1.0,fantasydata.weekly_projections,2026-04-10T02:02:53.932944+00:00
2025,5,25970,Terrance Ferguson,LAR,TE,SF,0.9,fantasydata.weekly_projections,2026-04-10T02:02:53.932944+00:00
2025,5,21739,Van Jefferson,TEN,WR,ARI,0.9,fantasydata.weekly_projections,2026-04-10T02:02:53.932944+00:00
2025,5,22569,Dee Eskridge,MIA,WR,CAR,0.9,fantasydata.weekly_projections,2026-04-10T02:02:53.932944+00:00
2025,5,26055,Thomas Fidone II,NYG,TE,NO,0.9,fantasydata.weekly_projections,2026-04-10T02:02:53.932944+00:00
2025,5,18652,C.J. Ham,MIN,RB,CLE,0.8,fantasydata.weekly_projections,2026-04-10T02:02:53.932944+00:00
2025,5,25972,Jackson Hawes,BUF,TE,NE,0.8,fantasydata.weekly_projections,2026-04-10T02:02:53.932944+00:00
2025,5,22539,Zamir White,LV,RB,IND,0.8,fantasydata.weekly_projections,2026-04-10T02:02:53.932944+00:00
2025,5,23847,Bam Knight,ARI,RB,TEN,0.8,fantasydata.weekly_projections,2026-04-10T02:02:53.932944+00:00
2025,5,23160,John Metchie III,PHI,WR,DEN,0.8,fantasydata.weekly_projections,2026-04-10T02:02:53.932944+00:00
2025,5,23135,Charlie Kolar,BAL,TE,HOU,0.8,fantasydata.weekly_projections,2026-04-10T02:02:53.932944+00:00
2025,5,24151,Payne Durham,TB,TE,SEA,0.8,fantasydata.weekly_projections,2026-04-10T02:02:53.932944+00:00
2025,5,21804,DeeJay Dallas,CAR,RB,MIA,0.8,fantasydata.weekly_projections,2026-04-10T02:02:53.932944+00:00
2025,5,16815,Ameer Abdullah,IND,RB,LV,0.8,fantasydata.weekly_projections,2026-04-10T02:02:53.932944+00:00
2025,5,24343,Nikko Remigio,KC,WR,JAX,0.7,fantasydata.weekly_projections,2026-04-10T02:02:53.932944+00:00
2025,5,22501,Kenny Pickett,LV,QB,IND,0.7,fantasydata.weekly_projections,2026-04-10T02:02:53.932944+00:00
2025,5,19035,Eric Saubert,SEA,TE,TB,0.7,fantasydata.weekly_projections,2026-04-10T02:02:53.932944+00:00
2025,5,24278,Hunter Luepke,DAL,RB,NYJ,0.7,fantasydata.weekly_projections,2026-04-10T02:02:53.932944+00:00
2025,5,23586,Julius Chestnut,TEN,RB,ARI,0.7,fantasydata.weekly_projections,2026-04-10T02:02:53.932944+00:00
2025,5,26059,Keandre Lambert-Smith,LAC,WR,WAS,0.7,fantasydata.weekly_projections,2026-04-10T02:02:53.932944+00:00
2025,5,25949,Tahj Brooks,CIN,RB,DET,0.7,fantasydata.weekly_projections,2026-04-10T02:02:53.932944+00:00
2025,5,25126,Anthony Gould,IND,WR,LV,0.7,fantasydata.weekly_projections,2026-04-10T02:02:53.932944+00:00
2025,5,25982,Jimmy Horn Jr.,CAR,WR,MIA,0.7,fantasydata.weekly_projections,2026-04-10T02:02:53.932944+00:00
2025,5,21802,A.J. Dillon,PHI,RB,DEN,0.7,fantasydata.weekly_projections,2026-04-10T02:02:53.932944+00:00
2025,5,25123,Jack Westover,NE,RB,BUF,0.7,fantasydata.weekly_projections,2026-04-10T02:02:53.932944+00:00
2025,5,24117,Anthony Richardson Sr.,IND,QB,LV,0.7,fantasydata.weekly_projections,2026-04-10T02:02:53.932944+00:00
2025,5,25642,Kameron Johnson,TB,WR,SEA,0.7,fantasydata.weekly_projections,2026-04-10T02:02:53.932944+00:00
2025,5,16763,Marcus Mariota,WAS,QB,LAC,0.6,fantasydata.weekly_projections,2026-04-10T02:02:53.932944+00:00
2025,5,19626,Dare Ogunbowale,HOU,RB,BAL,0.6,fantasydata.weekly_projections,2026-04-10T02:02:53.932944+00:00
2025,5,22563,Khalil Herbert,NYJ,RB,DAL,0.6,fantasydata.weekly_projections,2026-04-10T02:02:53.932944+00:00
2025,5,24122,Charlie Jones,CIN,WR,DET,0.6,fantasydata.weekly_projections,2026-04-10T02:02:53.932944+00:00
2025,5,22524,James Mitchell,CAR,TE,MIA,0.6,fantasydata.weekly_projections,2026-04-10T02:02:53.932944+00:00
2025,5,24985,Ben Sinnott,WAS,TE,LAC,0.6,fantasydata.weekly_projections,2026-04-10T02:02:53.932944+00:00
2025,5,26104,LaJohntay Wester,BAL,WR,HOU,0.6,fantasydata.weekly_projections,2026-04-10T02:02:53.932944+00:00
2025,5,25054,Dylan Laube,LV,RB,IND,0.6,fantasydata.weekly_projections,2026-04-10T02:02:53.932944+00:00
2025,5,21564,Craig Reynolds,DET,RB,CIN,0.6,fantasydata.weekly_projections,2026-04-10T02:02:53.932944+00:00
2025,5,17762,Chris Manhertz,NYG,TE,NO,0.6,fantasydata.weekly_projections,2026-04-10T02:02:53.932944+00:00
2025,5,22823,Kylen Granson,PHI,TE,DEN,0.6,fantasydata.weekly_projections,2026-04-10T02:02:53.932944+00:00
2025,5,25924,Tai Felton,MIN,WR,CLE,0.5,fantasydata.weekly_projections,2026-04-10T02:02:53.932944+00:00
2025,5,23143,Will Mallory,IND,TE,LV,0.5,fantasydata.weekly_projections,2026-04-10T02:02:53.932944+00:00
2025,5,23196,George Holani,SEA,RB,TB,0.5,fantasydata.weekly_projections,2026-04-10T02:02:53.932944+00:00
2025,5,25409,Mason Tipton,NO,WR,NYG,0.5,fantasydata.weekly_projections,2026-04-10T02:02:53.932944+00:00
2025,5,24221,Justin Shorter,LV,WR,IND,0.5,fantasydata.weekly_projections,2026-04-10T02:02:53.932944+00:00
2025,5,20081,Trent Sherfield Sr.,DEN,WR,PHI,0.5,fantasydata.weekly_projections,2026-04-10T02:02:53.932944+00:00
2025,5,25302,Josh Williams,TB,RB,SEA,0.5,fantasydata.weekly_projections,2026-04-10T02:02:53.932944+00:00
2025,5,23193,Tank Bigsby,PHI,RB,DEN,0.5,fantasydata.weekly_projections,2026-04-10T02:02:53.932944+00:00
2025,5,22925,Avery Williams,NYJ,RB,DAL,0.5,fantasydata.weekly_projections,2026-04-10T02:02:53.932944+00:00
2025,5,20506,Tanner Hudson,CIN,TE,DET,0.5,fantasydata.weekly_projections,2026-04-10T02:02:53.932944+00:00
2025,5,19207,Tim Patrick,JAX,WR,KC,0.5,fantasydata.weekly_projections,2026-04-10T02:02:53.932944+00:00
2025,5,21810,Tyler Huntley,BAL,QB,HOU,0.5,fantasydata.weekly_projections,2026-04-10T02:02:53.932944+00:00
2025,5,23187,Tyler Shough,NO,QB,NYG,0.4,fantasydata.weekly_projections,2026-04-10T02:02:53.932944+00:00
2025,5,20880,Gardner Minshew,KC,QB,JAX,0.4,fantasydata.weekly_projections,2026-04-10T02:02:53.932944+00:00
2025,5,23624,Dareke Young,SEA,WR,TB,0.4,fantasydata.weekly_projections,2026-04-10T02:02:53.932944+00:00
2025,5,24743,Xavier Smith,LAR,WR,SF,0.4,fantasydata.weekly_projections,2026-04-10T02:02:53.932944+00:00
2025,5,22495,Zach Wilson,MIA,QB,CAR,0.4,fantasydata.weekly_projections,2026-04-10T02:02:53.932944+00:00
2025,5,18900,Mo Alie-Cox,IND,TE,LV,0.4,fantasydata.weekly_projections,2026-04-10T02:02:53.932944+00:00
2025,5,22505,Davis Mills,HOU,QB,BAL,0.4,fantasydata.weekly_projections,2026-04-10T02:02:53.932944+00:00
2025,5,20929,Brett Rypien,CIN,QB,DET,0.4,fantasydata.weekly_projections,2026-04-10T02:02:53.932944+00:00
2025,5,21688,Cam Akers,MIN,RB,CLE,0.4,fantasydata.weekly_projections,2026-04-10T02:02:53.932944+00:00
2025,5,18811,Mitchell Trubisky,BUF,QB,NE,0.4,fantasydata.weekly_projections,2026-04-10T02:02:53.932944+00:00
2025,5,23467,Jalen Cropper,DAL,WR,NYJ,0.4,fantasydata.weekly_projections,2026-04-10T02:02:53.932944+00:00
2025,5,25025,Joe Milton III,DAL,QB,NYJ,0.4,fantasydata.weekly_projections,2026-04-10T02:02:53.932944+00:00
2025,5,611,Joe Flacco,CLE,QB,MIN,0.4,fantasydata.weekly_projections,2026-04-10T02:02:53.932944+00:00
2025,5,25144,Devin Culp,TB,TE,SEA,0.4,fantasydata.weekly_projections,2026-04-10T02:02:53.932944+00:00
2025,5,12841,Andy Dalton,CAR,QB,MIA,0.4,fantasydata.weekly_projections,2026-04-10T02:02:53.932944+00:00
2025,5,23659,Tay Martin,WAS,WR,LAC,0.4,fantasydata.weekly_projections,2026-04-10T02:02:53.932944+00:00
2025,5,19330,Nick Mullens,JAX,QB,KC,0.3,fantasydata.weekly_projections,2026-04-10T02:02:53.932944+00:00
2025,5,18018,Jacoby Brissett,ARI,QB,TEN,0.3,fantasydata.weekly_projections,2026-04-10T02:02:53.932944+00:00
2025,5,21783,Harrison Bryant,HOU,TE,BAL,0.3,fantasydata.weekly_projections,2026-04-10T02:02:53.932944+00:00
2025,5,20859,Drew Lock,SEA,QB,TB,0.3,fantasydata.weekly_projections,2026-04-10T02:02:53.932944+00:00
2025,5,22493,Trey Lance,LAC,QB,WAS,0.3,fantasydata.weekly_projections,2026-04-10T02:02:53.932944+00:00
2025,5,25045,Rasheen Ali,BAL,RB,HOU,0.3,fantasydata.weekly_projections,2026-04-10T02:02:53.932944+00:00
2025,5,24124,Tanner McKee,PHI,QB,DEN,0.3,fantasydata.weekly_projections,2026-04-10T02:02:53.932944+00:00
2025,5,19025,Joshua Dobbs,NE,QB,BUF,0.3,fantasydata.weekly_projections,2026-04-10T02:02:53.932944+00:00
2025,5,23223,Dameon Pierce,HOU,RB,BAL,0.3,fantasydata.weekly_projections,2026-04-10T02:02:53.932944+00:00
2025,5,22206,Reggie Gilliam,BUF,RB,NE,0.2,fantasydata.weekly_projections,2026-04-10T02:02:53.932944+00:00
2025,5,20954,Jarrett Stidham,DEN,QB,PHI,0.2,fantasydata.weekly_projections,2026-04-10T02:02:53.932944+00:00
2025,5,16041,Jimmy Garoppolo,LAR,QB,SF,0.2,fantasydata.weekly_projections,2026-04-10T02:02:53.932944+00:00
2025,5,24990,Jarquez Hunter,LAR,RB,SF,0.2,fantasydata.weekly_projections,2026-04-10T02:02:53.932944+00:00
2025,5,24021,Tucker Fisk,LAC,TE,WAS,0.2,fantasydata.weekly_projections,2026-04-10T02:02:53.932944+00:00
2025,5,24979,Malachi Corley,CLE,WR,MIN,0.2,fantasydata.weekly_projections,2026-04-10T02:02:53.932944+00:00
2025,5,20006,Russell Gage Jr.,SF,WR,LAR,0.2,fantasydata.weekly_projections,2026-04-10T02:02:53.932944+00:00
2025,5,26083,Max Brosmer,MIN,QB,CLE,0.2,fantasydata.weekly_projections,2026-04-10T02:02:53.932944+00:00
2025,5,23004,Adam Prentice,DEN,RB,PHI,0.2,fantasydata.weekly_projections,2026-04-10T02:02:53.932944+00:00
2025,5,24511,Tyrell Shavers,BUF,WR,NE,0.2,fantasydata.weekly_projections,2026-04-10T02:02:53.932944+00:00
2025,5,18118,Brandon Allen,TEN,QB,ARI,0.2,fantasydata.weekly_projections,2026-04-10T02:02:53.932944+00:00
2025,5,16497,Teddy Bridgewater,TB,QB,SEA,0.2,fantasydata.weekly_projections,2026-04-10T02:02:53.932944+00:00
2025,5,20053,Kyle Allen,DET,QB,CIN,0.1,fantasydata.weekly_projections,2026-04-10T02:02:53.932944+00:00
2025,5,23481,Velus Jones Jr.,NO,RB,NYG,0.1,fantasydata.weekly_projections,2026-04-10T02:02:53.932944+00:00
2025,5,21601,Gunner Olszewski,NYG,WR,NO,0.1,fantasydata.weekly_projections,2026-04-10T02:02:53.932944+00:00
2025,5,26422,Gage Larvadain,CLE,WR,MIN,0.1,fantasydata.weekly_projections,2026-04-10T02:02:53.932944+00:00
2025,5,24345,Jason Brownlee,KC,WR,JAX,0.0,fantasydata.weekly_projections,2026-04-10T02:02:53.932944+00:00
2025,5,25010,Ricky White III,SEA,WR,TB,0.0,fantasydata.weekly_projections,2026-04-10T02:02:53.932944+00:00
2025,5,23917,Kaden Davis,CLE,WR,MIN,0.0,fantasydata.weekly_projections,2026-04-10T02:02:53.932944+00:00
2025,5,23199,Sincere McCormick,SF,RB,LAR,0.0,fantasydata.weekly_projections,2026-04-10T02:02:53.932944+00:00
2025,5,26089,Ja'Corey Brooks,WAS,WR,LAC,0.0,fantasydata.weekly_projections,2026-04-10T02:02:53.932944+00:00
2025,5,22672,Gary Brightwell,CIN,RB,DET,0.0,fantasydata.weekly_projections,2026-04-10T02:02:53.932944+00:00
2025,5,23310,Greg Dulcich,MIA,TE,CAR,0.0,fantasydata.weekly_projections,2026-04-10T02:02:53.932944+00:00
2025,5,23650,Lucas Krull,DEN,TE,PHI,0.0,fantasydata.weekly_projections,2026-04-10T02:02:53.932944+00:00
2025,5,24188,Deuce Vaughn,DEN,RB,PHI,0.0,fantasydata.weekly_projections,2026-04-10T02:02:53.932944+00:00
2025,5,24311,Jaleel McLaughlin,DEN,RB,PHI,0.0,fantasydata.weekly_projections,2026-04-10T02:02:53.932944+00:00
2025,5,24325,Johnny Wilson,PHI,WR,DEN,0.0,fantasydata.weekly_projections,2026-04-10T02:02:53.932944+00:00
2025,5,24349,A.T. Perry,DEN,WR,PHI,0.0,fantasydata.weekly_projections,2026-04-10T02:02:53.932944+00:00
2025,5,24421,Cameron Latu,PHI,TE,DEN,0.0,fantasydata.weekly_projections,2026-04-10T02:02:53.932944+00:00
2025,5,24472,Xavier Gipson,PHI,WR,DEN,0.0,fantasydata.weekly_projections,2026-04-10T02:02:53.932944+00:00
2025,5,24572,Thayer Thomas,DEN,WR,PHI,0.0,fantasydata.weekly_projections,2026-04-10T02:02:53.932944+00:00
2025,5,24644,Ben VanSumeren,PHI,RB,DEN,0.0,fantasydata.weekly_projections,2026-04-10T02:02:53.932944+00:00
2025,5,24800,E.J. Jenkins,PHI,TE,DEN,0.0,fantasydata.weekly_projections,2026-04-10T02:02:53.932944+00:00
2025,5,24825,Patrick Murtagh,DEN,TE,PHI,0.0,fantasydata.weekly_projections,2026-04-10T02:02:53.932944+00:00
2025,5,24971,Audric Estimé,PHI,RB,DEN,0.0,fantasydata.weekly_projections,2026-04-10T02:02:53.932944+00:00
2025,5,25040,Javon Baker,PHI,WR,DEN,0.0,fantasydata.weekly_projections,2026-04-10T02:02:53.932944+00:00
2025,5,25307,Darius Cooper,PHI,WR,DEN,0.0,fantasydata.weekly_projections,2026-04-10T02:02:53.932944+00:00
2025,5,26085,Kyle McCord,PHI,QB,DEN,0.0,fantasydata.weekly_projections,2026-04-10T02:02:53.932944+00:00
2025,5,26333,Caleb Lohner,DEN,TE,PHI,0.0,fantasydata.weekly_projections,2026-04-10T02:02:53.932944+00:00
2025,5,22595,Ihmir Smith-Marsette,NYG,WR,NO,0.0,fantasydata.weekly_projections,2026-04-10T02:02:53.932944+00:00
2025,5,20816,Lil'Jordan Humphrey,NYG,WR,NO,0.0,fantasydata.weekly_projections,2026-04-10T02:02:53.932944+00:00
2025,5,19854,Dante Pettis,NO,WR,NYG,0.0,fantasydata.weekly_projections,2026-04-10T02:02:53.932944+00:00
2025,5,16762,Jameis Winston,NYG,QB,NO,0.0,fantasydata.weekly_projections,2026-04-10T02:02:53.932944+00:00
2025,5,26560,Maximilian Mang,IND,TE,LV,0.0,fantasydata.weekly_projections,2026-04-10T02:02:53.932944+00:00
2025,5,26276,Carter Runyon,LV,TE,IND,0.0,fantasydata.weekly_projections,2026-04-10T02:02:53.932944+00:00
2025,5,26254,Cam Miller,LV,QB,IND,0.0,fantasydata.weekly_projections,2026-04-10T02:02:53.932944+00:00
2025,5,25967,Ulysses Bentley IV,IND,RB,LV,0.0,fantasydata.weekly_projections,2026-04-10T02:02:53.932944+00:00
2025,5,25893,Coleman Owen,IND,WR,LV,0.0,fantasydata.weekly_projections,2026-04-10T02:02:53.932944+00:00
2025,5,25050,Chris Collier,LV,RB,IND,0.0,fantasydata.weekly_projections,2026-04-10T02:02:53.932944+00:00
2025,5,24992,Riley Leonard,IND,QB,LV,0.0,fantasydata.weekly_projections,2026-04-10T02:02:53.932944+00:00
2025,5,24943,Brock Bowers,LV,TE,IND,0.0,fantasydata.weekly_projections,2026-04-10T02:02:53.932944+00:00
2025,5,24749,Shedrick Jackson,LV,WR,IND,0.0,fantasydata.weekly_projections,2026-04-10T02:02:53.932944+00:00
2025,5,17009,Trevor Siemian,TEN,QB,ARI,0.0,fantasydata.weekly_projections,2026-04-10T02:02:53.932944+00:00
2025,5,18983,James Conner,ARI,RB,TEN,0.0,fantasydata.weekly_projections,2026-04-10T02:02:53.932944+00:00
2025,5,21593,D'Ernest Johnson,ARI,RB,TEN,0.0,fantasydata.weekly_projections,2026-04-10T02:02:53.932944+00:00
2025,5,21723,James Proche II,TEN,WR,ARI,0.0,fantasydata.weekly_projections,2026-04-10T02:02:53.932944+00:00
2025,5,21798,Josiah Deguara,ARI,TE,TEN,0.0,fantasydata.weekly_projections,2026-04-10T02:02:53.932944+00:00
2025,5,22234,Andre Baccellia,ARI,WR,TEN,0.0,fantasydata.weekly_projections,2026-04-10T02:02:53.932944+00:00
2025,5,22415,Mason Kinsey,TEN,WR,ARI,0.0,fantasydata.weekly_projections,2026-04-10T02:02:53.932944+00:00
2025,5,22555,Jermar Jefferson,ARI,RB,TEN,0.0,fantasydata.weekly_projections,2026-04-10T02:02:53.932944+00:00
2025,5,22645,Simi Fehoko,ARI,WR,TEN,0.0,fantasydata.weekly_projections,2026-04-10T02:02:53.932944+00:00
2025,5,23119,Treylon Burks,TEN,WR,ARI,0.0,fantasydata.weekly_projections,2026-04-10T02:02:53.932944+00:00
2025,5,23182,Kedon Slovis,ARI,QB,TEN,0.0,fantasydata.weekly_projections,2026-04-10T02:02:53.932944+00:00
2025,5,23270,Will Levis,TEN,QB,ARI,0.0,fantasydata.weekly_projections,2026-04-10T02:02:53.932944+00:00
2025,5,23889,Thomas Odukoya,TEN,TE,ARI,0.0,fantasydata.weekly_projections,2026-04-10T02:02:53.932944+00:00
2025,5,24292,Trey Benson,ARI,RB,TEN,0.0,fantasydata.weekly_projections,2026-04-10T02:02:53.932944+00:00
2025,5,24310,Jordan Mims,TEN,RB,ARI,0.0,fantasydata.weekly_projections,2026-04-10T02:02:53.932944+00:00
2025,5,24539,Joel Wilson,TEN,TE,ARI,0.0,fantasydata.weekly_projections,2026-04-10T02:02:53.932944+00:00
2025,5,25032,Xavier Weaver,ARI,WR,TEN,0.0,fantasydata.weekly_projections,2026-04-10T02:02:53.932944+00:00
2025,5,25047,Blake Watson,TEN,RB,ARI,0.0,fantasydata.weekly_projections,2026-04-10T02:02:53.932944+00:00
2025,5,25338,Tejhaun Palmer,ARI,WR,TEN,0.0,fantasydata.weekly_projections,2026-04-10T02:02:53.932944+00:00
2025,5,25647,David Martin-Robinson,TEN,TE,ARI,0.0,fantasydata.weekly_projections,2026-04-10T02:02:53.932944+00:00
2025,5,25687,Bryce Oliver,TEN,WR,ARI,0.0,fantasydata.weekly_projections,2026-04-10T02:02:53.932944+00:00
2025,5,25904,Kalel Mullings,TEN,RB,ARI,0.0,fantasydata.weekly_projections,2026-04-10T02:02:53.932944+00:00
2025,5,25926,Xavier Restrepo,TEN,WR,ARI,0.0,fantasydata.weekly_projections,2026-04-10T02:02:53.932944+00:00
2025,5,24350,Aidan O'Connell,LV,QB,IND,0.0,fantasydata.weekly_projections,2026-04-10T02:02:53.932944+00:00
2025,5,23341,Tyler Goodson,IND,RB,LV,0.0,fantasydata.weekly_projections,2026-04-10T02:02:53.932944+00:00
2025,5,23232,Alec Pierce,IND,WR,LV,0.0,fantasydata.weekly_projections,2026-04-10T02:02:53.932944+00:00
2025,5,23140,Michael Mayer,LV,TE,IND,0.0,fantasydata.weekly_projections,2026-04-10T02:02:53.932944+00:00
2025,5,21843,Salvon Ahmed,IND,RB,LV,0.0,fantasydata.weekly_projections,2026-04-10T02:02:53.932944+00:00
2025,5,21781,Sean McKeon,IND,TE,LV,0.0,fantasydata.weekly_projections,2026-04-10T02:02:53.932944+00:00
2025,5,21473,D.J. Montgomery,IND,WR,LV,0.0,fantasydata.weekly_projections,2026-04-10T02:02:53.932944+00:00
2025,5,21294,Alex Bachman,LV,WR,IND,0.0,fantasydata.weekly_projections,2026-04-10T02:02:53.932944+00:00
2025,5,18123,Jeff Driskel,LV,QB,IND,0.0,fantasydata.weekly_projections,2026-04-10T02:02:53.932944+00:00
2025,5,17914,Laquon Treadwell,IND,WR,LV,0.0,fantasydata.weekly_projections,2026-04-10T02:02:53.932944+00:00
2025,5,16790,Phillip Dorsett,LV,WR,IND,0.0,fantasydata.weekly_projections,2026-04-10T02:02:53.932944+00:00
2025,5,26683,Dalevon Campbell,CAR,WR,MIA,0.0,fantasydata.weekly_projections,2026-04-10T02:02:53.932944+00:00
2025,5,26664,Ja'Seem Reed,CAR,WR,MIA,0.0,fantasydata.weekly_projections,2026-04-10T02:02:53.932944+00:00
2025,5,21735,Gabe Davis,BUF,WR,NE,0.0,fantasydata.weekly_projections,2026-04-10T02:02:53.932944+00:00
2025,5,21818,Shane Buechele,BUF,QB,NE,0.0,fantasydata.weekly_projections,2026-04-10T02:02:53.932944+00:00
2025,5,22417,Kristian Wilkerson,BUF,WR,NE,0.0,fantasydata.weekly_projections,2026-04-10T02:02:53.932944+00:00
2025,5,22592,Elijah Moore,BUF,WR,NE,0.0,fantasydata.weekly_projections,2026-04-10T02:02:53.932944+00:00
2025,5,24365,Deneric Prince,NE,RB,BUF,0.0,fantasydata.weekly_projections,2026-04-10T02:02:53.932944+00:00
2025,5,24625,Tommy DeVito,NE,QB,BUF,0.0,fantasydata.weekly_projections,2026-04-10T02:02:53.932944+00:00
2025,5,25090,Terrell Jennings,NE,RB,BUF,0.0,fantasydata.weekly_projections,2026-04-10T02:02:53.932944+00:00
2025,5,25100,Frank Gore Jr.,BUF,RB,NE,0.0,fantasydata.weekly_projections,2026-04-10T02:02:53.932944+00:00
2025,5,25329,Gee Scott Jr.,NE,TE,BUF,0.0,fantasydata.weekly_projections,2026-04-10T02:02:53.932944+00:00
2025,5,25333,John Jiles,NE,WR,BUF,0.0,fantasydata.weekly_projections,2026-04-10T02:02:53.932944+00:00
2025,5,25932,Efton Chism III,NE,WR,BUF,0.0,fantasydata.weekly_projections,2026-04-10T02:02:53.932944+00:00
2025,5,25984,CJ Dippre,NE,TE,BUF,0.0,fantasydata.weekly_projections,2026-04-10T02:02:53.932944+00:00
2025,5,25989,Lan Larison,NE,RB,BUF,0.0,fantasydata.weekly_projections,2026-04-10T02:02:53.932944+00:00
2025,5,26271,Brock Lampe,NE,RB,BUF,0.0,fantasydata.weekly_projections,2026-04-10T02:02:53.932944+00:00
2025,5,26374,Stephen Gosnell,BUF,WR,NE,0.0,fantasydata.weekly_projections,2026-04-10T02:02:53.932944+00:00
2025,5,26396,Keleki Latu,BUF,TE,NE,0.0,fantasydata.weekly_projections,2026-04-10T02:02:53.932944+00:00
2025,5,26443,Jeremiah Webb,NE,WR,BUF,0.0,fantasydata.weekly_projections,2026-04-10T02:02:53.932944+00:00
2025,5,26538,AJ Henning,MIA,WR,CAR,0.0,fantasydata.weekly_projections,2026-04-10T02:02:53.932944+00:00
2025,5,26528,Anthony Tyus III,CAR,RB,MIA,0.0,fantasydata.weekly_projections,2026-04-10T02:02:53.932944+00:00
2025,5,26475,Bryce Pierre,CAR,TE,MIA,0.0,fantasydata.weekly_projections,2026-04-10T02:02:53.932944+00:00
2025,5,26116,Jalin Conyers,MIA,TE,CAR,0.0,fantasydata.weekly_projections,2026-04-10T02:02:53.932944+00:00
2025,5,26048,Quinn Ewers,MIA,QB,CAR,0.0,fantasydata.weekly_projections,2026-04-10T02:02:53.932944+00:00
2025,5,25529,Hayden Rucci,MIA,TE,CAR,0.0,fantasydata.weekly_projections,2026-04-10T02:02:53.932944+00:00
2025,5,25122,Jalen Coker,CAR,WR,MIA,0.0,fantasydata.weekly_projections,2026-04-10T02:02:53.932944+00:00
2025,5,24947,Ja'Tavion Sanders,CAR,TE,MIA,0.0,fantasydata.weekly_projections,2026-04-10T02:02:53.932944+00:00
2025,5,24944,Jonathon Brooks,CAR,RB,MIA,0.0,fantasydata.weekly_projections,2026-04-10T02:02:53.932944+00:00
2025,5,24923,Jaylen Wright,MIA,RB,CAR,0.0,fantasydata.weekly_projections,2026-04-10T02:02:53.932944+00:00
2025,5,24140,Hendon Hooker,CAR,QB,MIA,0.0,fantasydata.weekly_projections,2026-04-10T02:02:53.932944+00:00
2025,5,23169,Theo Wease Jr.,MIA,WR,CAR,0.0,fantasydata.weekly_projections,2026-04-10T02:02:53.932944+00:00
2025,5,23144,Ainias Smith,CAR,WR,MIA,0.0,fantasydata.weekly_projections,2026-04-10T02:02:53.932944+00:00
2025,5,22345,Dan Chisena,CAR,WR,MIA,0.0,fantasydata.weekly_projections,2026-04-10T02:02:53.932944+00:00
2025,5,21765,JaMycal Hasty,MIA,RB,CAR,0.0,fantasydata.weekly_projections,2026-04-10T02:02:53.932944+00:00
2025,5,21691,Chuba Hubbard,CAR,RB,MIA,0.0,fantasydata.weekly_projections,2026-04-10T02:02:53.932944+00:00
2025,5,20868,Alexander Mattison,MIA,RB,CAR,0.0,fantasydata.weekly_projections,2026-04-10T02:02:53.932944+00:00
2025,5,20360,Jeff Wilson Jr.,MIA,RB,CAR,0.0,fantasydata.weekly_projections,2026-04-10T02:02:53.932944+00:00
2025,5,16597,Mike Evans,TB,WR,SEA,0.0,fantasydata.weekly_projections,2026-04-10T02:02:53.932944+00:00
2025,5,20768,Myles Gaskin,SEA,RB,TB,0.0,fantasydata.weekly_projections,2026-04-10T02:02:53.932944+00:00
2025,5,21964,Cody White,SEA,WR,TB,0.0,fantasydata.weekly_projections,2026-04-10T02:02:53.932944+00:00
2025,5,23618,Ko Kieft,TB,TE,SEA,0.0,fantasydata.weekly_projections,2026-04-10T02:02:53.932944+00:00
2025,5,23725,Dennis Houston,TB,WR,SEA,0.0,fantasydata.weekly_projections,2026-04-10T02:02:53.932944+00:00
2025,5,24373,Kenny McIntosh,SEA,RB,TB,0.0,fantasydata.weekly_projections,2026-04-10T02:02:53.932944+00:00
2025,5,24535,Tanner Taula,TB,TE,SEA,0.0,fantasydata.weekly_projections,2026-04-10T02:02:53.932944+00:00
2025,5,24718,Brady Russell,SEA,RB,TB,0.0,fantasydata.weekly_projections,2026-04-10T02:02:53.932944+00:00
2025,5,24967,Bucky Irving,TB,RB,SEA,0.0,fantasydata.weekly_projections,2026-04-10T02:02:53.932944+00:00
2025,5,25098,Jalen McMillan,TB,WR,SEA,0.0,fantasydata.weekly_projections,2026-04-10T02:02:53.932944+00:00
2025,5,25921,Jaden Smith,TB,WR,SEA,0.0,fantasydata.weekly_projections,2026-04-10T02:02:53.932944+00:00
2025,5,25973,Caden Prieskorn,TB,TE,SEA,0.0,fantasydata.weekly_projections,2026-04-10T02:02:53.932944+00:00
2025,5,26124,Robbie Ouzts,SEA,RB,TB,0.0,fantasydata.weekly_projections,2026-04-10T02:02:53.932944+00:00
2025,5,26266,Garrett Greene,TB,WR,SEA,0.0,fantasydata.weekly_projections,2026-04-10T02:02:53.932944+00:00
2025,5,26275,Nick Kallerup,SEA,TE,TB,0.0,fantasydata.weekly_projections,2026-04-10T02:02:53.932944+00:00
2025,5,26359,Connor Bazelak,TB,QB,SEA,0.0,fantasydata.weekly_projections,2026-04-10T02:02:53.932944+00:00
2025,5,26403,Courtney Jackson,SEA,WR,TB,0.0,fantasydata.weekly_projections,2026-04-10T02:02:53.932944+00:00
2025,5,26473,Jacardia Wright,SEA,RB,TB,0.0,fantasydata.weekly_projections,2026-04-10T02:02:53.932944+00:00
2025,5,26595,Tyrone Broden,SEA,WR,TB,0.0,fantasydata.weekly_projections,2026-04-10T02:02:53.932944+00:00
2025,5,20013,Cedrick Wilson Jr.,MIA,WR,CAR,0.0,fantasydata.weekly_projections,2026-04-10T02:02:53.932944+00:00
2025,5,19120,David Moore,CAR,WR,MIA,0.0,fantasydata.weekly_projections,2026-04-10T02:02:53.932944+00:00
2025,5,18082,Tyreek Hill,MIA,WR,CAR,0.0,fantasydata.weekly_projections,2026-04-10T02:02:53.932944+00:00
2025,5,26691,Lucas Scott,BAL,RB,HOU,0.0,fantasydata.weekly_projections,2026-04-10T02:02:53.932944+00:00
2025,5,26086,Graham Mertz,HOU,QB,BAL,0.0,fantasydata.weekly_projections,2026-04-10T02:02:53.932944+00:00
2025,5,25917,Josh Kelly,HOU,WR,BAL,0.0,fantasydata.weekly_projections,2026-04-10T02:02:53.932944+00:00
2025,5,25873,Luke Lachey,HOU,TE,BAL,0.0,fantasydata.weekly_projections,2026-04-10T02:02:53.932944+00:00
2025,5,25486,Brenden Bates,HOU,TE,BAL,0.0,fantasydata.weekly_projections,2026-04-10T02:02:53.932944+00:00
2025,5,25455,Dayton Wade,BAL,WR,HOU,0.0,fantasydata.weekly_projections,2026-04-10T02:02:53.932944+00:00
2025,5,25452,British Brooks,HOU,RB,BAL,0.0,fantasydata.weekly_projections,2026-04-10T02:02:53.932944+00:00
2025,5,24991,Jawhar Jordan,HOU,RB,BAL,0.0,fantasydata.weekly_projections,2026-04-10T02:02:53.932944+00:00
2025,5,24986,Cade Stover,HOU,TE,BAL,0.0,fantasydata.weekly_projections,2026-04-10T02:02:53.932944+00:00
2025,5,18973,C.J. Beathard,DET,QB,CIN,0.0,fantasydata.weekly_projections,2026-04-10T02:02:53.932944+00:00
2025,5,19972,Mike White,CIN,QB,DET,0.0,fantasydata.weekly_projections,2026-04-10T02:02:53.932944+00:00
2025,5,20361,Ross Dwelley,DET,TE,CIN,0.0,fantasydata.weekly_projections,2026-04-10T02:02:53.932944+00:00
2025,5,21556,Tom Kennedy,DET,WR,CIN,0.0,fantasydata.weekly_projections,2026-04-10T02:02:53.932944+00:00
2025,5,21693,Joe Burrow,CIN,QB,DET,0.0,fantasydata.weekly_projections,2026-04-10T02:02:53.932944+00:00
2025,5,22514,Kenny Yeboah,DET,TE,CIN,0.0,fantasydata.weekly_projections,2026-04-10T02:02:53.932944+00:00
2025,5,23084,Shane Zylstra,DET,TE,CIN,0.0,fantasydata.weekly_projections,2026-04-10T02:02:53.932944+00:00
2025,5,23158,Jermaine Burton,CIN,WR,DET,0.0,fantasydata.weekly_projections,2026-04-10T02:02:53.932944+00:00
2025,5,23213,Kendall Milton,CIN,RB,DET,0.0,fantasydata.weekly_projections,2026-04-10T02:02:53.932944+00:00
2025,5,23996,Kendric Pryor,CIN,WR,DET,0.0,fantasydata.weekly_projections,2026-04-10T02:02:53.932944+00:00
2025,5,24279,Malik Cunningham,DET,WR,CIN,0.0,fantasydata.weekly_projections,2026-04-10T02:02:53.932944+00:00
2025,5,24312,Jacob Saylors,DET,RB,CIN,0.0,fantasydata.weekly_projections,2026-04-10T02:02:53.932944+00:00
2025,5,24476,Sean Clifford,CIN,QB,DET,0.0,fantasydata.weekly_projections,2026-04-10T02:02:53.932944+00:00
2025,5,24930,Sione Vaki,DET,RB,CIN,0.0,fantasydata.weekly_projections,2026-04-10T02:02:53.932944+00:00
2025,5,25208,Erick All Jr.,CIN,TE,DET,0.0,fantasydata.weekly_projections,2026-04-10T02:02:53.932944+00:00
2025,5,25513,Cam Grandy,CIN,TE,DET,0.0,fantasydata.weekly_projections,2026-04-10T02:02:53.932944+00:00
2025,5,26281,Jackson Meeks,DET,WR,CIN,0.0,fantasydata.weekly_projections,2026-04-10T02:02:53.932944+00:00
2025,5,26343,Jordan Moore,CIN,WR,DET,0.0,fantasydata.weekly_projections,2026-04-10T02:02:53.932944+00:00
2025,5,26479,Kye Robichaux,DET,RB,CIN,0.0,fantasydata.weekly_projections,2026-04-10T02:02:53.932944+00:00
2025,5,26526,Zach Horton,DET,TE,CIN,0.0,fantasydata.weekly_projections,2026-04-10T02:02:53.932944+00:00
2025,5,24598,Jared Wayne,HOU,WR,BAL,0.0,fantasydata.weekly_projections,2026-04-10T02:02:53.932944+00:00
2025,5,24176,Tank Dell,HOU,WR,BAL,0.0,fantasydata.weekly_projections,2026-04-10T02:02:53.932944+00:00
2025,5,23720,Zaire Mitchell-Paden,BAL,TE,HOU,0.0,fantasydata.weekly_projections,2026-04-10T02:02:53.932944+00:00
2025,5,23146,Cornelius Johnson,BAL,WR,HOU,0.0,fantasydata.weekly_projections,2026-04-10T02:02:53.932944+00:00
2025,5,22506,Brevin Jordan,HOU,TE,BAL,0.0,fantasydata.weekly_projections,2026-04-10T02:02:53.932944+00:00
2025,5,21729,Quintez Cephus,HOU,WR,BAL,0.0,fantasydata.weekly_projections,2026-04-10T02:02:53.932944+00:00
2025,5,21100,Jakob Johnson,HOU,RB,BAL,0.0,fantasydata.weekly_projections,2026-04-10T02:02:53.932944+00:00
2025,5,20071,Keith Kirkwood,BAL,WR,HOU,0.0,fantasydata.weekly_projections,2026-04-10T02:02:53.932944+00:00
2025,5,20038,Braxton Berrios,HOU,WR,BAL,0.0,fantasydata.weekly_projections,2026-04-10T02:02:53.932944+00:00
2025,5,19922,Justin Watson,HOU,WR,BAL,0.0,fantasydata.weekly_projections,2026-04-10T02:02:53.932944+00:00
2025,5,19781,Lamar Jackson,BAL,QB,HOU,0.0,fantasydata.weekly_projections,2026-04-10T02:02:53.932944+00:00
2025,5,19209,Patrick Ricard,BAL,RB,HOU,0.0,fantasydata.weekly_projections,2026-04-10T02:02:53.932944+00:00
2025,5,18858,Joe Mixon,HOU,RB,BAL,0.0,fantasydata.weekly_projections,2026-04-10T02:02:53.932944+00:00
2025,5,20779,Will Grier,DAL,QB,NYJ,0.0,fantasydata.weekly_projections,2026-04-10T02:02:53.932944+00:00
2025,5,20933,Miles Sanders,DAL,RB,NYJ,0.0,fantasydata.weekly_projections,2026-04-10T02:02:53.932944+00:00
2025,5,21005,Parris Campbell,DAL,WR,NYJ,0.0,fantasydata.weekly_projections,2026-04-10T02:02:53.932944+00:00
2025,5,21679,CeeDee Lamb,DAL,WR,NYJ,0.0,fantasydata.weekly_projections,2026-04-10T02:02:53.932944+00:00
2025,5,22637,Brandon Smith,NYJ,WR,DAL,0.0,fantasydata.weekly_projections,2026-04-10T02:02:53.932944+00:00
2025,5,22676,Kene Nwangwu,NYJ,RB,DAL,0.0,fantasydata.weekly_projections,2026-04-10T02:02:53.932944+00:00
2025,5,23161,Jonathan Mingo,DAL,WR,NYJ,0.0,fantasydata.weekly_projections,2026-04-10T02:02:53.932944+00:00
2025,5,23490,Jelani Woods,NYJ,TE,DAL,0.0,fantasydata.weekly_projections,2026-04-10T02:02:53.932944+00:00
2025,5,23644,Stone Smartt,NYJ,TE,DAL,0.0,fantasydata.weekly_projections,2026-04-10T02:02:53.932944+00:00
2025,5,23880,Malik Davis,DAL,RB,NYJ,0.0,fantasydata.weekly_projections,2026-04-10T02:02:53.932944+00:00
2025,5,23962,Irvin Charles,NYJ,WR,DAL,0.0,fantasydata.weekly_projections,2026-04-10T02:02:53.932944+00:00
2025,5,24068,KaVontae Turpin,DAL,WR,NYJ,0.0,fantasydata.weekly_projections,2026-04-10T02:02:53.932944+00:00
2025,5,24397,Jalen Brooks,DAL,WR,NYJ,0.0,fantasydata.weekly_projections,2026-04-10T02:02:53.932944+00:00
2025,5,24617,Princeton Fant,DAL,TE,NYJ,0.0,fantasydata.weekly_projections,2026-04-10T02:02:53.932944+00:00
2025,5,24776,John Stephens Jr.,DAL,TE,NYJ,0.0,fantasydata.weekly_projections,2026-04-10T02:02:53.932944+00:00
2025,5,24934,Braelon Allen,NYJ,RB,DAL,0.0,fantasydata.weekly_projections,2026-04-10T02:02:53.932944+00:00
2025,5,25120,Keilan Robinson,NYJ,RB,DAL,0.0,fantasydata.weekly_projections,2026-04-10T02:02:53.932944+00:00
2025,5,25913,Jamaal Pritchett,NYJ,WR,DAL,0.0,fantasydata.weekly_projections,2026-04-10T02:02:53.932944+00:00
2025,5,25955,Phil Mafah,DAL,RB,NYJ,0.0,fantasydata.weekly_projections,2026-04-10T02:02:53.932944+00:00
2025,5,25980,Quentin Skinner,NYJ,WR,DAL,0.0,fantasydata.weekly_projections,2026-04-10T02:02:53.932944+00:00
2025,5,26084,Brady Cook,NYJ,QB,DAL,0.0,fantasydata.weekly_projections,2026-04-10T02:02:53.932944+00:00
2025,5,26095,Traeshon Holden,DAL,WR,NYJ,0.0,fantasydata.weekly_projections,2026-04-10T02:02:53.932944+00:00
2025,5,22560,Keaontay Ingram,KC,RB,JAX,0.0,fantasydata.weekly_projections,2026-04-10T02:02:53.932944+00:00
2025,5,26273,Rivaldo Fairweather,DAL,TE,NYJ,0.0,fantasydata.weekly_projections,2026-04-10T02:02:53.932944+00:00
2025,5,22973,Austin Trammell,JAX,WR,KC,0.0,fantasydata.weekly_projections,2026-04-10T02:02:53.932944+00:00
2025,5,23325,Erik Ezukanma,JAX,WR,KC,0.0,fantasydata.weekly_projections,2026-04-10T02:02:53.932944+00:00
2025,5,23629,Chris Oladokun,KC,QB,JAX,0.0,fantasydata.weekly_projections,2026-04-10T02:02:53.932944+00:00
2025,5,24120,Rashee Rice,KC,WR,JAX,0.0,fantasydata.weekly_projections,2026-04-10T02:02:53.932944+00:00
2025,5,24939,Carson Steele,KC,RB,JAX,0.0,fantasydata.weekly_projections,2026-04-10T02:02:53.932944+00:00
2025,5,25044,Carter Bradley,JAX,QB,KC,0.0,fantasydata.weekly_projections,2026-04-10T02:02:53.932944+00:00
2025,5,25112,Jared Wiley,KC,TE,JAX,0.0,fantasydata.weekly_projections,2026-04-10T02:02:53.932944+00:00
2025,5,25313,Joshua Cephus,JAX,WR,KC,0.0,fantasydata.weekly_projections,2026-04-10T02:02:53.932944+00:00
2025,5,25901,Ja'Quinden Jackson,JAX,RB,KC,0.0,fantasydata.weekly_projections,2026-04-10T02:02:53.932944+00:00
2025,5,25969,Jake Briningstool,KC,TE,JAX,0.0,fantasydata.weekly_projections,2026-04-10T02:02:53.932944+00:00
2025,5,26458,Chandler Brayboy,JAX,WR,KC,0.0,fantasydata.weekly_projections,2026-04-10T02:02:53.932944+00:00
2025,5,26463,Patrick Herbert,JAX,TE,KC,0.0,fantasydata.weekly_projections,2026-04-10T02:02:53.932944+00:00
2025,5,26484,Tre Watson,KC,TE,JAX,0.0,fantasydata.weekly_projections,2026-04-10T02:02:53.932944+00:00
2025,5,26657,Jimmy Holiday,KC,WR,JAX,0.0,fantasydata.weekly_projections,2026-04-10T02:02:53.932944+00:00
2025,5,22535,Elijah Mitchell,KC,RB,JAX,0.0,fantasydata.weekly_projections,2026-04-10T02:02:53.932944+00:00
2025,5,22511,Quintin Morris,JAX,TE,KC,0.0,fantasydata.weekly_projections,2026-04-10T02:02:53.932944+00:00
2025,5,21769,Clyde Edwards-Helaire,KC,RB,JAX,0.0,fantasydata.weekly_projections,2026-04-10T02:02:53.932944+00:00
2025,5,19491,Robert Tonyan,KC,TE,JAX,0.0,fantasydata.weekly_projections,2026-04-10T02:02:53.932944+00:00
2025,5,26684,Cade McDonald,CLE,WR,MIN,0.0,fantasydata.weekly_projections,2026-04-10T02:02:53.932944+00:00
2025,5,26672,Luke Floriea,CLE,WR,MIN,0.0,fantasydata.weekly_projections,2026-04-10T02:02:53.932944+00:00
2025,5,26430,Myles Price,MIN,WR,CLE,0.0,fantasydata.weekly_projections,2026-04-10T02:02:53.932944+00:00
2025,5,26414,Ahmani Marshall,CLE,RB,MIN,0.0,fantasydata.weekly_projections,2026-04-10T02:02:53.932944+00:00
2025,5,26348,Dontae Fleming,MIN,WR,CLE,0.0,fantasydata.weekly_projections,2026-04-10T02:02:53.932944+00:00
2025,5,26274,Ben Yurosek,MIN,TE,CLE,0.0,fantasydata.weekly_projections,2026-04-10T02:02:53.932944+00:00
2025,5,26113,Gavin Bartholomew,MIN,TE,CLE,0.0,fantasydata.weekly_projections,2026-04-10T02:02:53.932944+00:00
2025,5,26080,Raheim Sanders,CLE,RB,MIN,0.0,fantasydata.weekly_projections,2026-04-10T02:02:53.932944+00:00
2025,5,26079,Shedeur Sanders,CLE,QB,MIN,0.0,fantasydata.weekly_projections,2026-04-10T02:02:53.932944+00:00
2025,5,25968,Corey Kiner,MIN,RB,CLE,0.0,fantasydata.weekly_projections,2026-04-10T02:02:53.932944+00:00
2025,5,25430,Jeshaun Jones,MIN,WR,CLE,0.0,fantasydata.weekly_projections,2026-04-10T02:02:53.932944+00:00
2025,5,6489,Josh Johnson,WAS,QB,LAC,0.0,fantasydata.weekly_projections,2026-04-10T02:02:53.932944+00:00
2025,5,18187,Robbie Chosen,WAS,WR,LAC,0.0,fantasydata.weekly_projections,2026-04-10T02:02:53.932944+00:00
2025,5,19080,Noah Brown,WAS,WR,LAC,0.0,fantasydata.weekly_projections,2026-04-10T02:02:53.932944+00:00
2025,5,19562,Austin Ekeler,WAS,RB,LAC,0.0,fantasydata.weekly_projections,2026-04-10T02:02:53.932944+00:00
2025,5,19919,Chase Edmonds,WAS,RB,LAC,0.0,fantasydata.weekly_projections,2026-04-10T02:02:53.932944+00:00
2025,5,19950,Will Dissly,LAC,TE,WAS,0.0,fantasydata.weekly_projections,2026-04-10T02:02:53.932944+00:00
2025,5,20823,Tyree Jackson,WAS,TE,LAC,0.0,fantasydata.weekly_projections,2026-04-10T02:02:53.932944+00:00
2025,5,20873,Terry McLaurin,WAS,WR,LAC,0.0,fantasydata.weekly_projections,2026-04-10T02:02:53.932944+00:00
2025,5,21728,Lawrence Cager,WAS,TE,LAC,0.0,fantasydata.weekly_projections,2026-04-10T02:02:53.932944+00:00
2025,5,21768,Najee Harris,LAC,RB,WAS,0.0,fantasydata.weekly_projections,2026-04-10T02:02:53.932944+00:00
2025,5,23131,DJ Uiagalelei,LAC,QB,WAS,0.0,fantasydata.weekly_projections,2026-04-10T02:02:53.932944+00:00
2025,5,24121,Derius Davis,LAC,WR,WAS,0.0,fantasydata.weekly_projections,2026-04-10T02:02:53.932944+00:00
2025,5,24457,Scott Matlock,LAC,RB,WAS,0.0,fantasydata.weekly_projections,2026-04-10T02:02:53.932944+00:00
2025,5,25079,Kimani Vidal,LAC,RB,WAS,0.0,fantasydata.weekly_projections,2026-04-10T02:02:53.932944+00:00
2025,5,25109,Sam Hartman,WAS,QB,LAC,0.0,fantasydata.weekly_projections,2026-04-10T02:02:53.932944+00:00
2025,5,25395,Thomas Yassmin,LAC,TE,WAS,0.0,fantasydata.weekly_projections,2026-04-10T02:02:53.932944+00:00
2025,5,25447,JaQuae Jackson,LAC,WR,WAS,0.0,fantasydata.weekly_projections,2026-04-10T02:02:53.932944+00:00
2025,5,25674,Colson Yankoff,WAS,TE,LAC,0.0,fantasydata.weekly_projections,2026-04-10T02:02:53.932944+00:00
2025,5,25755,Donovan Edwards,WAS,RB,LAC,0.0,fantasydata.weekly_projections,2026-04-10T02:02:53.932944+00:00
2025,5,26354,Luke Grimm,LAC,WR,WAS,0.0,fantasydata.weekly_projections,2026-04-10T02:02:53.932944+00:00
2025,5,26493,Amar Johnson,LAC,RB,WAS,0.0,fantasydata.weekly_projections,2026-04-10T02:02:53.932944+00:00
2025,5,26620,Jacoby Jones,WAS,WR,LAC,0.0,fantasydata.weekly_projections,2026-04-10T02:02:53.932944+00:00
2025,5,25107,Bryson Nesbit,MIN,TE,CLE,0.0,fantasydata.weekly_projections,2026-04-10T02:02:53.932944+00:00
2025,5,24956,J.J. McCarthy,MIN,QB,CLE,0.0,fantasydata.weekly_projections,2026-04-10T02:02:53.932944+00:00
2025,5,24348,Cedric Tillman,CLE,WR,MIN,0.0,fantasydata.weekly_projections,2026-04-10T02:02:53.932944+00:00
2025,5,23267,Bailey Zappe,CLE,QB,MIN,0.0,fantasydata.weekly_projections,2026-04-10T02:02:53.932944+00:00
2025,5,23148,David Bell,CLE,WR,MIN,0.0,fantasydata.weekly_projections,2026-04-10T02:02:53.932944+00:00
2025,5,23105,Sal Cannella,CLE,TE,MIN,0.0,fantasydata.weekly_projections,2026-04-10T02:02:53.932944+00:00
2025,5,22626,Rondale Moore,MIN,WR,CLE,0.0,fantasydata.weekly_projections,2026-04-10T02:02:53.932944+00:00
2025,5,21852,Ty Chandler,MIN,RB,CLE,0.0,fantasydata.weekly_projections,2026-04-10T02:02:53.932944+00:00
2025,5,19045,Aaron Jones Sr.,MIN,RB,CLE,0.0,fantasydata.weekly_projections,2026-04-10T02:02:53.932944+00:00
2025,5,18857,Deshaun Watson,CLE,QB,MIN,0.0,fantasydata.weekly_projections,2026-04-10T02:02:53.932944+00:00
2025,5,18019,Nick Vannett,MIN,TE,CLE,0.0,fantasydata.weekly_projections,2026-04-10T02:02:53.932944+00:00
2025,5,17218,DeAndre Carter,CLE,WR,MIN,0.0,fantasydata.weekly_projections,2026-04-10T02:02:53.932944+00:00
2025,5,18032,Tyler Higbee,LAR,TE,SF,0.0,fantasydata.weekly_projections,2026-04-10T02:02:53.932944+00:00
2025,5,19063,George Kittle,SF,TE,LAR,0.0,fantasydata.weekly_projections,2026-04-10T02:02:53.932944+00:00
2025,5,19064,Trent Taylor,SF,WR,LAR,0.0,fantasydata.weekly_projections,2026-04-10T02:02:53.932944+00:00
2025,5,20684,Malik Turner,SF,WR,LAR,0.0,fantasydata.weekly_projections,2026-04-10T02:02:53.932944+00:00
2025,5,21717,Jauan Jennings,SF,WR,LAR,0.0,fantasydata.weekly_projections,2026-04-10T02:02:53.932944+00:00
2025,5,21747,Brandon Aiyuk,SF,WR,LAR,0.0,fantasydata.weekly_projections,2026-04-10T02:02:53.932944+00:00
2025,5,21823,Patrick Taylor Jr.,SF,RB,LAR,0.0,fantasydata.weekly_projections,2026-04-10T02:02:53.932944+00:00
2025,5,22547,Ronnie Rivers,LAR,RB,SF,0.0,fantasydata.weekly_projections,2026-04-10T02:02:53.932944+00:00
2025,5,23241,Brock Purdy,SF,QB,LAR,0.0,fantasydata.weekly_projections,2026-04-10T02:02:53.932944+00:00
2025,5,24149,Brayden Willis,SF,TE,LAR,0.0,fantasydata.weekly_projections,2026-04-10T02:02:53.932944+00:00
2025,5,24351,Stetson Bennett IV,LAR,QB,SF,0.0,fantasydata.weekly_projections,2026-04-10T02:02:53.932944+00:00
2025,5,24507,Adrian Martinez,SF,QB,LAR,0.0,fantasydata.weekly_projections,2026-04-10T02:02:53.932944+00:00
2025,5,24981,Jacob Cowing,SF,WR,LAR,0.0,fantasydata.weekly_projections,2026-04-10T02:02:53.932944+00:00
2025,5,24982,Ricky Pearsall,SF,WR,LAR,0.0,fantasydata.weekly_projections,2026-04-10T02:02:53.932944+00:00
2025,5,25001,Konata Mumpfield,LAR,WR,SF,0.0,fantasydata.weekly_projections,2026-04-10T02:02:53.932944+00:00
2025,5,25567,Messiah Swinson,SF,TE,LAR,0.0,fantasydata.weekly_projections,2026-04-10T02:02:53.932944+00:00
2025,5,25903,Jordan James,SF,RB,LAR,0.0,fantasydata.weekly_projections,2026-04-10T02:02:53.932944+00:00
2025,5,26087,Kurtis Rourke,SF,QB,LAR,0.0,fantasydata.weekly_projections,2026-04-10T02:02:53.932944+00:00
2025,5,26103,Jordan Watkins,SF,WR,LAR,0.0,fantasydata.weekly_projections,2026-04-10T02:02:53.932944+00:00
2025,5,26335,Junior Bergen,SF,WR,LAR,0.0,fantasydata.weekly_projections,2026-04-10T02:02:53.932944+00:00
2025,5,26356,Tru Edwards,LAR,WR,SF,0.0,fantasydata.weekly_projections,2026-04-10T02:02:53.932944+00:00
2025,5,26531,Brennan Presley,LAR,WR,SF,0.0,fantasydata.weekly_projections,2026-04-10T02:02:53.932944+00:00
2025,5,26556,Mark Redman,LAR,TE,SF,0.0,fantasydata.weekly_projections,2026-04-10T02:02:53.932944+00:00
2025,5,26349,Dalen Cambre,NYG,WR,NO,0.0,fantasydata.weekly_projections,2026-04-10T02:02:53.932944+00:00
2025,5,26279,Tommy Mellott,NO,WR,NYG,0.0,fantasydata.weekly_projections,2026-04-10T02:02:53.932944+00:00
2025,5,26255,Hunter Dekkers,NO,QB,NYG,0.0,fantasydata.weekly_projections,2026-04-10T02:02:53.932944+00:00
2025,5,25979,Da'Quan Felton,NYG,WR,NO,0.0,fantasydata.weekly_projections,2026-04-10T02:02:53.932944+00:00
2025,5,25888,Devin Neal,NO,RB,NYG,0.0,fantasydata.weekly_projections,2026-04-10T02:02:53.932944+00:00
2025,5,25621,Treyton Welch,NO,TE,NYG,0.0,fantasydata.weekly_projections,2026-04-10T02:02:53.932944+00:00
2025,5,25320,Mason Pline,NO,TE,NYG,0.0,fantasydata.weekly_projections,2026-04-10T02:02:53.932944+00:00
2025,5,25133,Bub Means,NO,WR,NYG,0.0,fantasydata.weekly_projections,2026-04-10T02:02:53.932944+00:00
2025,5,25092,Tyrone Tracy Jr.,NYG,RB,NO,0.0,fantasydata.weekly_projections,2026-04-10T02:02:53.932944+00:00
2025,5,25051,Dante Miller,NYG,RB,NO,0.0,fantasydata.weekly_projections,2026-04-10T02:02:53.932944+00:00
2025,5,24953,Malik Nabers,NYG,WR,NO,0.0,fantasydata.weekly_projections,2026-04-10T02:02:53.932944+00:00
2025,5,24952,Ja'Lynn Polk,NO,WR,NYG,0.0,fantasydata.weekly_projections,2026-04-10T02:02:53.932944+00:00
2025,5,24217,Trey Palmer,NO,WR,NYG,0.0,fantasydata.weekly_projections,2026-04-10T02:02:53.932944+00:00
2025,5,24199,Bryce Ford-Wheaton,NYG,WR,NO,0.0,fantasydata.weekly_projections,2026-04-10T02:02:53.932944+00:00
2025,5,23840,Kevin Austin Jr.,NO,WR,NYG,0.0,fantasydata.weekly_projections,2026-04-10T02:02:53.932944+00:00
2025,5,23249,Jake Haener,NO,QB,NYG,0.0,fantasydata.weekly_projections,2026-04-10T02:02:53.932944+00:00
2025,5,23195,Eric Gray,NYG,RB,NO,0.0,fantasydata.weekly_projections,2026-04-10T02:02:53.932944+00:00
2025,5,16928,Michael Burton,DEN,RB,PHI,0.0,fantasydata.weekly_projections,2026-04-10T02:02:53.932944+00:00
2025,5,21815,Sam Ehlinger,DEN,QB,PHI,0.0,fantasydata.weekly_projections,2026-04-10T02:02:53.932944+00:00
2025,5,21957,Quez Watkins,PHI,WR,DEN,0.0,fantasydata.weekly_projections,2026-04-10T02:02:53.932944+00:00
2025,5,22685,Terrace Marshall Jr.,PHI,WR,DEN,0.0,fantasydata.weekly_projections,2026-04-10T02:02:53.932944+00:00
2025,5,23099,Michael Bandy,DEN,WR,PHI,0.0,fantasydata.weekly_projections,2026-04-10T02:02:53.932944+00:00
2025,5,23185,Sam Howell,PHI,QB,DEN,0.0,fantasydata.weekly_projections,2026-04-10T02:02:53.932944+00:00
2025,5,23302,Britain Covey,PHI,WR,DEN,0.0,fantasydata.weekly_projections,2026-04-10T02:02:53.932944+00:00
